image_path,pano_id,stview_lat,stview_lng,tree_lat,tree_lng,image_x,image_y,theta,conf,distance_pano
/home/utkarsh/TreeInventorization/data/views/pEF-RiHaXLJ1X2nZiKl9ZA_view0_tree0_box0.jpg,pEF-RiHaXLJ1X2nZiKl9ZA,30.71172531768683,76.80025090318372,30.711884739514986,76.7998175384103,12100.0,3444.0,-180,0.32467979192733765,45.29375726939851
/home/utkarsh/TreeInventorization/data/views/pEF-RiHaXLJ1X2nZiKl9ZA_view11_tree0_box0.jpg,pEF-RiHaXLJ1X2nZiKl9ZA,30.71172531768683,76.80025090318372,30.711711948871336,76.80020594155141,10556.0,4227.0,150,0.1019238606095314,5.085861266830197
/home/utkarsh/TreeInventorization/data/views/wKx3qf3naYu4Y5XikAULmw_view10_tree0_box0.jpg,wKx3qf3naYu4Y5XikAULmw,30.71167702668198,76.80018682299188,30.711652166979835,76.80024111112533,12420.0,4139.0,120,0.4173980951309204,6.288293902796142
/home/utkarsh/TreeInventorization/data/views/6YbSOJYq_bGE0E83-JFA2A_view0_tree0_box0.jpg,6YbSOJYq_bGE0E83-JFA2A,30.71131375446979,76.80056971925278,30.711279680174002,76.80060861335068,13026.0,4179.0,-180,0.1878628134727478,5.728744661321328
/home/utkarsh/TreeInventorization/data/views/6YbSOJYq_bGE0E83-JFA2A_view11_tree0_box0.jpg,6YbSOJYq_bGE0E83-JFA2A,30.71131375446979,76.80056971925278,30.711275411261052,76.80061271574407,13043.0,4102.0,150,0.12773431837558746,6.302143987305629
/home/utkarsh/TreeInventorization/data/views/Eg2I2AlO8wExryXAspOx7g_view1_tree0_box0.jpg,Eg2I2AlO8wExryXAspOx7g,30.71145058697156,76.80052914110708,30.711500096892877,76.8005011321971,402.0,3959.0,-150,0.11265404522418976,6.4347481103704105
/home/utkarsh/TreeInventorization/data/views/Eg2I2AlO8wExryXAspOx7g_view5_tree0_box0.jpg,Eg2I2AlO8wExryXAspOx7g,30.71145058697156,76.80052914110708,30.71130125135811,76.8006133005503,7103.0,3568.0,-30,0.21318212151527405,18.49460331595439
/home/utkarsh/TreeInventorization/data/views/Eg2I2AlO8wExryXAspOx7g_view10_tree0_box0.jpg,Eg2I2AlO8wExryXAspOx7g,30.71145058697156,76.80052914110708,30.711368301305065,76.80042106645176,9864.0,3699.0,120,0.15257152915000916,14.123957011752754
/home/utkarsh/TreeInventorization/data/views/nAtBa2thJoQ9-rsXqgCZ0Q_view4_tree0_box0.jpg,nAtBa2thJoQ9-rsXqgCZ0Q,30.71164948488693,76.80017617229744,30.711768833960647,76.79998554899348,6002.0,3509.0,-60,0.5412700772285461,22.661215211907297
/home/utkarsh/TreeInventorization/data/views/nAtBa2thJoQ9-rsXqgCZ0Q_view5_tree0_box0.jpg,nAtBa2thJoQ9-rsXqgCZ0Q,30.71164948488693,76.80017617229744,30.711703320962823,76.800052803311,5664.0,3625.0,-30,0.33031728863716125,13.399687516087749
/home/utkarsh/TreeInventorization/data/views/oaFMozMYUICSyi_kmfoBOQ_view6_tree0_box0.jpg,oaFMozMYUICSyi_kmfoBOQ,30.71174931801396,76.80011173997791,30.711777139037668,76.79996502985131,5136.0,3602.0,0,0.11208037286996841,14.56314018217936
/home/utkarsh/TreeInventorization/data/views/zXNDa-3To6LUVVwCusNXAg_view9_tree0_box0.jpg,zXNDa-3To6LUVVwCusNXAg,30.71139495991763,76.80048583426455,30.711475729792504,76.80056062215253,9431.0,3786.0,90,0.1826290786266327,11.73101331265578
/home/utkarsh/TreeInventorization/data/views/ZhFIQ0X2ExZk-QZedpEOHw_view6_tree0_box0.jpg,ZhFIQ0X2ExZk-QZedpEOHw,30.71138386689704,76.80060563222104,30.711296771358555,76.8006135953832,7999.0,3776.0,0,0.14154529571533203,9.911123274053807
/home/utkarsh/TreeInventorization/data/views/8h66zVx2-2r22a89uSXHIw_view10_tree0_box1.jpg,8h66zVx2-2r22a89uSXHIw,30.71153097903614,76.80034535098882,30.711496158992308,76.80052518911793,11807.0,3632.0,120,0.1224832758307457,17.773576662537902
/home/utkarsh/TreeInventorization/data/views/zirdlT7xJGp6P9tEVD06xA_view2_tree0_box2.jpg,zirdlT7xJGp6P9tEVD06xA,30.71165132610035,76.80032536995868,30.711681290899882,76.80032725262525,1374.0,4493.0,-120,0.19822615385055542,3.8927586934289695
/home/utkarsh/TreeInventorization/data/views/hlkMNdzwvxFIRVw-FpqAPw_view0_tree0_box0.jpg,hlkMNdzwvxFIRVw-FpqAPw,30.71158385401806,76.80039288294195,30.711732258337342,76.80032542033909,481.0,3566.0,-180,0.17157378792762756,17.81336681906613
/home/utkarsh/TreeInventorization/data/views/hlkMNdzwvxFIRVw-FpqAPw_view0_tree0_box1.jpg,hlkMNdzwvxFIRVw-FpqAPw,30.71158385401806,76.80039288294195,30.71168935896556,76.80009164171113,12080.0,3505.0,-180,0.12388202548027039,31.374542040196697
/home/utkarsh/TreeInventorization/data/views/hlkMNdzwvxFIRVw-FpqAPw_view3_tree0_box0.jpg,hlkMNdzwvxFIRVw-FpqAPw,30.71158385401806,76.80039288294195,30.711643756766556,76.80040748551913,1700.0,3909.0,-90,0.2705172002315521,7.023118895040724
/home/utkarsh/TreeInventorization/data/views/hlkMNdzwvxFIRVw-FpqAPw_view4_tree0_box0.jpg,hlkMNdzwvxFIRVw-FpqAPw,30.71158385401806,76.80039288294195,30.711507991607185,76.80053535687371,5788.0,3544.0,-60,0.1177462488412857,16.06790172284154
/home/utkarsh/TreeInventorization/data/views/hlkMNdzwvxFIRVw-FpqAPw_view11_tree0_box3.jpg,hlkMNdzwvxFIRVw-FpqAPw,30.71158385401806,76.80039288294195,30.711570026909474,76.80034797361617,10554.0,4274.0,150,0.1546761691570282,5.177087112147269
/home/utkarsh/TreeInventorization/data/views/aJ3d9gnlmlhi8-FXeSKYCw_view3_tree0_box0.jpg,aJ3d9gnlmlhi8-FXeSKYCw,30.71146318943756,76.80041480044757,30.711357088960327,76.80036679331886,2134.0,3590.0,-90,0.18413284420967102,12.740365845261396
/home/utkarsh/TreeInventorization/data/views/aJ3d9gnlmlhi8-FXeSKYCw_view9_tree0_box0.jpg,aJ3d9gnlmlhi8-FXeSKYCw,30.71146318943756,76.80041480044757,30.711480671546678,76.80053371033706,10954.0,3779.0,90,0.1099209412932396,11.73101331265578
/home/utkarsh/TreeInventorization/data/views/aJ3d9gnlmlhi8-FXeSKYCw_view10_tree0_box0.jpg,aJ3d9gnlmlhi8-FXeSKYCw,30.71146318943756,76.80041480044757,30.711434226051068,76.80046821816187,12517.0,4144.0,120,0.5567728877067566,6.4220242784383075
/home/utkarsh/TreeInventorization/data/views/H7p-OlZgxuYu9xDtAWrmwg_view5_tree0_box0.jpg,H7p-OlZgxuYu9xDtAWrmwg,30.7115178371962,76.80045863544721,30.711491211251598,76.80055422324224,5293.0,3672.0,-30,0.35582199692726135,9.66539472914182
/home/utkarsh/TreeInventorization/data/views/H7p-OlZgxuYu9xDtAWrmwg_view11_tree0_box0.jpg,H7p-OlZgxuYu9xDtAWrmwg,30.7115178371962,76.80045863544721,30.71151145868139,76.80041245194612,10956.0,4279.0,150,0.23571638762950897,5.159353413507892
/home/utkarsh/TreeInventorization/data/views/ovK5CZxZjrSdm2vF9UuDRw_view10_tree0_box0.jpg,ovK5CZxZjrSdm2vF9UuDRw,30.71159893638873,76.80027167642567,30.711571686270204,76.80032454878024,12562.0,4137.0,120,0.26218223571777344,6.292259504081151
/home/utkarsh/TreeInventorization/data/views/8TudEPSz5Ek-7te1r9_seA_view0_tree0_box0.jpg,8TudEPSz5Ek-7te1r9_seA,30.71208136840206,76.79990664780998,30.712103776483744,76.79988119638816,12973.0,4428.0,-180,0.1322258859872818,4.067159097213961
/home/utkarsh/TreeInventorization/data/views/8TudEPSz5Ek-7te1r9_seA_view11_tree0_box2.jpg,8TudEPSz5Ek-7te1r9_seA,30.71208136840206,76.79990664780998,30.712313010859784,76.79974152355238,162.0,3466.0,150,0.1085393875837326,30.267455804525877
/home/utkarsh/TreeInventorization/data/views/ggHpfgFMc7cUq8hyCTp28g_view0_tree0_box0.jpg,ggHpfgFMc7cUq8hyCTp28g,30.71201803031837,76.7998327969424,30.712003738454474,76.79988700920104,12009.0,4153.0,-180,0.24631169438362122,5.832889661305148
/home/utkarsh/TreeInventorization/data/views/ggHpfgFMc7cUq8hyCTp28g_view1_tree0_box0.jpg,ggHpfgFMc7cUq8hyCTp28g,30.71201803031837,76.7998327969424,30.71194046684114,76.79995028696672,12762.0,3663.0,-150,0.13347354531288147,14.31662341007849
/home/utkarsh/TreeInventorization/data/views/ggHpfgFMc7cUq8hyCTp28g_view2_tree0_box0.jpg,ggHpfgFMc7cUq8hyCTp28g,30.71201803031837,76.7998327969424,30.711980077983405,76.79979549061181,2892.0,4012.0,-120,0.21394485235214233,5.845653127825485
/home/utkarsh/TreeInventorization/data/views/ggHpfgFMc7cUq8hyCTp28g_view5_tree0_box0.jpg,ggHpfgFMc7cUq8hyCTp28g,30.71201803031837,76.7998327969424,30.712049792676428,76.79966959712178,5188.0,3557.0,-30,0.13269586861133575,16.149335526359465
/home/utkarsh/TreeInventorization/data/views/ggHpfgFMc7cUq8hyCTp28g_view8_tree0_box0.jpg,ggHpfgFMc7cUq8hyCTp28g,30.71201803031837,76.7998327969424,30.712203908862865,76.79989112550912,8605.0,3583.0,60,0.1551954597234726,21.492687632245268
/home/utkarsh/TreeInventorization/data/views/rqVJT3Av_-OniWgOa17WwA_view5_tree0_box0.jpg,rqVJT3Av_-OniWgOa17WwA,30.71179535946571,76.80002935106174,30.71177762300073,76.7999707629022,3954.0,3951.0,-30,0.7575047016143799,6.257380577284076
/home/utkarsh/TreeInventorization/data/views/kNKaz_5TcT3HJ1BgWmAbpQ_view0_tree0_box1.jpg,kNKaz_5TcT3HJ1BgWmAbpQ,30.71201383347141,76.79997521728909,30.712063977556294,76.79992191258349,13030.0,3875.0,-180,0.19752086699008942,7.843884271127794
/home/utkarsh/TreeInventorization/data/views/kNKaz_5TcT3HJ1BgWmAbpQ_view0_tree0_box2.jpg,kNKaz_5TcT3HJ1BgWmAbpQ,30.71201383347141,76.79997521728909,30.7120343197802,76.79995362490045,13018.0,4544.0,-180,0.13068760931491852,3.6995274792988218
/home/utkarsh/TreeInventorization/data/views/kNKaz_5TcT3HJ1BgWmAbpQ_view0_tree0_box3.jpg,kNKaz_5TcT3HJ1BgWmAbpQ,30.71201383347141,76.79997521728909,30.712156187360865,76.79988438228808,232.0,3571.0,-180,0.12400829792022705,18.164604525870573
/home/utkarsh/TreeInventorization/data/views/kNKaz_5TcT3HJ1BgWmAbpQ_view5_tree0_box0.jpg,kNKaz_5TcT3HJ1BgWmAbpQ,30.71201383347141,76.79997521728909,30.711987429138222,76.8000511327011,5453.0,3801.0,-30,0.322639137506485,7.993891291772883
/home/utkarsh/TreeInventorization/data/views/kNKaz_5TcT3HJ1BgWmAbpQ_view11_tree0_box2.jpg,kNKaz_5TcT3HJ1BgWmAbpQ,30.71201383347141,76.79997521728909,30.71196907418402,76.79980506617972,10666.0,3588.0,150,0.15415775775909424,17.240595678211875
/home/utkarsh/TreeInventorization/data/views/pDYo3dtO2RO7ZvezHo3dVA_view1_tree0_box0.jpg,pDYo3dtO2RO7ZvezHo3dVA,30.71186519776414,76.79995805291725,30.71169840921742,76.79998606618567,1049.0,3519.0,-150,0.14261825382709503,18.75759776005405
/home/utkarsh/TreeInventorization/data/views/pDYo3dtO2RO7ZvezHo3dVA_view3_tree0_box2.jpg,pDYo3dtO2RO7ZvezHo3dVA,30.71186519776414,76.79995805291725,30.711860431346324,76.79987337844983,4542.0,3814.0,-90,0.10456167161464691,8.381222116607463
/home/utkarsh/TreeInventorization/data/views/UtD9g42NdoRMaq3pzJ8czw_view0_tree0_box1.jpg,UtD9g42NdoRMaq3pzJ8czw,30.71193241154806,76.80005531765978,30.711963809288434,76.8000151096285,12791.0,4097.0,-180,0.1284596174955368,5.602026165804995
/home/utkarsh/TreeInventorization/data/views/UtD9g42NdoRMaq3pzJ8czw_view5_tree0_box0.jpg,UtD9g42NdoRMaq3pzJ8czw,30.71193241154806,76.80005531765978,30.711904763716266,76.80014804205311,5309.0,3724.0,-30,0.37457016110420227,9.512962284966825
/home/utkarsh/TreeInventorization/data/views/UtD9g42NdoRMaq3pzJ8czw_view11_tree0_box1.jpg,UtD9g42NdoRMaq3pzJ8czw,30.71193241154806,76.80005531765978,30.711954391494935,76.80003104811172,12935.0,4441.0,150,0.1596689671278,3.94009424001235
/home/utkarsh/TreeInventorization/data/views/GuwskqMvzzvD7b3RtljTxA_view4_tree0_box0.jpg,GuwskqMvzzvD7b3RtljTxA,30.71198943659148,76.79983033231197,30.7119649989591,76.79978787018077,3420.0,4097.0,-60,0.2844011187553406,5.2503582098060315
/home/utkarsh/TreeInventorization/data/views/GuwskqMvzzvD7b3RtljTxA_view5_tree0_box1.jpg,GuwskqMvzzvD7b3RtljTxA,30.71198943659148,76.79983033231197,30.71205196006553,76.79968384994098,5627.0,3572.0,-30,0.11338818073272705,15.784862756933984
/home/utkarsh/TreeInventorization/data/views/Ur-s7XxlTuYCPWguC9OWfg_view11_tree0_box0.jpg,Ur-s7XxlTuYCPWguC9OWfg,30.71179551878575,76.80018479847978,30.711779390642498,76.80012699175407,10552.0,4171.0,150,0.14293691515922546,6.43757406268356
/home/utkarsh/TreeInventorization/data/views/szAmNy4VeSm0LWwWoE6byQ_view0_tree0_box0.jpg,szAmNy4VeSm0LWwWoE6byQ,30.7121489757872,76.79983711004552,30.712171397128134,76.79981208849429,12981.0,4465.0,-180,0.22252586483955383,4.086498751967906
/home/utkarsh/TreeInventorization/data/views/szAmNy4VeSm0LWwWoE6byQ_view0_tree0_box1.jpg,szAmNy4VeSm0LWwWoE6byQ,30.7121489757872,76.79983711004552,30.71219728472435,76.79963593673851,11892.0,3562.0,-180,0.13245677947998047,20.232034956600998
/home/utkarsh/TreeInventorization/data/views/szAmNy4VeSm0LWwWoE6byQ_view5_tree0_box3.jpg,szAmNy4VeSm0LWwWoE6byQ,30.7121489757872,76.79983711004552,30.712094837422125,76.79995581730924,5701.0,3625.0,-30,0.1111193522810936,12.928214461928748
/home/utkarsh/TreeInventorization/data/views/szAmNy4VeSm0LWwWoE6byQ_view11_tree0_box0.jpg,szAmNy4VeSm0LWwWoE6byQ,30.7121489757872,76.79983711004552,30.712699611550136,76.79927515964134,13116.0,3382.0,150,0.13818642497062683,81.50011544015778
/home/utkarsh/TreeInventorization/data/views/0xlF7ipRGLwNgvxsZ386dQ_view0_tree0_box1.jpg,0xlF7ipRGLwNgvxsZ386dQ,30.7119604077968,76.80001852430908,30.712006946162237,76.79995784050395,12814.0,3865.0,-180,0.15977443754673004,8.094950173362736
/home/utkarsh/TreeInventorization/data/views/0xlF7ipRGLwNgvxsZ386dQ_view2_tree0_box0.jpg,0xlF7ipRGLwNgvxsZ386dQ,30.7119604077968,76.80001852430908,30.712018161286082,76.80002381399379,1445.0,4057.0,-120,0.10107535868883133,6.813758103548768
/home/utkarsh/TreeInventorization/data/views/0xlF7ipRGLwNgvxsZ386dQ_view6_tree0_box0.jpg,0xlF7ipRGLwNgvxsZ386dQ,30.7119604077968,76.80001852430908,30.711886131529198,76.80018948456815,5626.0,3519.0,0,0.10408928245306015,18.358468447987754
/home/utkarsh/TreeInventorization/data/views/0xlF7ipRGLwNgvxsZ386dQ_view8_tree0_box0.jpg,0xlF7ipRGLwNgvxsZ386dQ,30.7119604077968,76.80001852430908,30.711853240602,76.79987442743314,9794.0,3598.0,60,0.1686965376138687,18.44486968609126
/home/utkarsh/TreeInventorization/data/views/PAaxUN-Pb2mgOrONrCb7ZQ_view0_tree0_box0.jpg,PAaxUN-Pb2mgOrONrCb7ZQ,30.71186962789694,76.80011482075896,30.71196100096297,76.80006638344521,318.0,3773.0,-180,0.20850154757499695,11.431774035238538
/home/utkarsh/TreeInventorization/data/views/PAaxUN-Pb2mgOrONrCb7ZQ_view0_tree0_box1.jpg,PAaxUN-Pb2mgOrONrCb7ZQ,30.71186962789694,76.80011482075896,30.711895692540754,76.8000874711231,12953.0,4502.0,-180,0.18020448088645935,4.666899003544921
/home/utkarsh/TreeInventorization/data/views/PAaxUN-Pb2mgOrONrCb7ZQ_view4_tree0_box0.jpg,PAaxUN-Pb2mgOrONrCb7ZQ,30.71186962789694,76.80011482075896,30.71209543227694,76.80039988463571,3000.0,3471.0,-60,0.10403647273778915,37.067833782111514
/home/utkarsh/TreeInventorization/data/views/PAaxUN-Pb2mgOrONrCb7ZQ_view7_tree0_box0.jpg,PAaxUN-Pb2mgOrONrCb7ZQ,30.71186962789694,76.80011482075896,30.711673316494036,76.80001391298937,8798.0,3555.0,30,0.24248018860816956,24.010380043325238
/home/utkarsh/TreeInventorization/data/views/PAaxUN-Pb2mgOrONrCb7ZQ_view11_tree0_box1.jpg,PAaxUN-Pb2mgOrONrCb7ZQ,30.71186962789694,76.80011482075896,30.71189840986677,76.80008363149992,12924.0,4404.0,150,0.3219446539878845,5.082803554313737
/home/utkarsh/TreeInventorization/data/views/0qxJ4S1ylEGVD-LpvgPKrw_view3_tree0_box0.jpg,0qxJ4S1ylEGVD-LpvgPKrw,30.71192872947929,76.79989326839501,30.711928238542125,76.799856465953,4627.0,4434.0,-90,0.17635810375213623,4.095264416847578
/home/utkarsh/TreeInventorization/data/views/kVQ3_waNamSyf4OjC7PX5A_view5_tree0_box2.jpg,kVQ3_waNamSyf4OjC7PX5A,30.71214449988553,76.79967655688161,30.712128669205317,76.7996107707488,4072.0,3893.0,-30,0.11301907151937485,6.815766060684766
/home/utkarsh/TreeInventorization/data/views/kVQ3_waNamSyf4OjC7PX5A_view9_tree0_box0.jpg,kVQ3_waNamSyf4OjC7PX5A,30.71214449988553,76.79967655688161,30.71231838161219,76.79993200864993,9886.0,3552.0,90,0.13477885723114014,31.28056408601201
/home/utkarsh/TreeInventorization/data/views/YElERqGvmtlNXt6JaryJaQ_view1_tree0_box0.jpg,YElERqGvmtlNXt6JaryJaQ,30.71207385506857,76.7997467108937,30.71204596414564,76.79978289988192,12858.0,4216.0,-150,0.16789093613624573,5.060304000223425
/home/utkarsh/TreeInventorization/data/views/YElERqGvmtlNXt6JaryJaQ_view2_tree0_box0.jpg,YElERqGvmtlNXt6JaryJaQ,30.71207385506857,76.7997467108937,30.711956505863238,76.79977955646432,817.0,3615.0,-120,0.2813915014266968,13.511732900378217
/home/utkarsh/TreeInventorization/data/views/0DAt108UL0s3xe-__8canQ_view6_tree0_box0.jpg,0DAt108UL0s3xe-__8canQ,30.71252919746994,76.79943819138613,30.712493540637926,76.79960938883639,5179.0,3616.0,0,0.10635621100664139,16.96225427119246
/home/utkarsh/TreeInventorization/data/views/0DAt108UL0s3xe-__8canQ_view7_tree0_box0.jpg,0DAt108UL0s3xe-__8canQ,30.71252919746994,76.79943819138613,30.71233324154093,76.79949516201727,7487.0,3493.0,30,0.1489701122045517,22.459521650358685
/home/utkarsh/TreeInventorization/data/views/0DAt108UL0s3xe-__8canQ_view9_tree0_box1.jpg,0DAt108UL0s3xe-__8canQ,30.71252919746994,76.79943819138613,30.71248992927167,76.79932032940243,10555.0,3662.0,90,0.12168192863464355,12.320858689277644
/home/utkarsh/TreeInventorization/data/views/bR4Ylv62-bGj7zbAJyys1g_view0_tree0_box1.jpg,bR4Ylv62-bGj7zbAJyys1g,30.71235811275843,76.79962374329564,30.71239046646524,76.79959302841043,13124.0,4200.0,-180,0.12620508670806885,5.105222165185437
/home/utkarsh/TreeInventorization/data/views/bR4Ylv62-bGj7zbAJyys1g_view1_tree0_box0.jpg,bR4Ylv62-bGj7zbAJyys1g,30.71235811275843,76.79962374329564,30.71247371915935,76.79960551610252,999.0,3649.0,-150,0.4174310266971588,13.083984072719856
/home/utkarsh/TreeInventorization/data/views/bR4Ylv62-bGj7zbAJyys1g_view9_tree0_box1.jpg,bR4Ylv62-bGj7zbAJyys1g,30.71235811275843,76.79962374329564,30.712259800484457,76.79955630160464,9098.0,3670.0,90,0.11434920132160187,12.891511819958133
/home/utkarsh/TreeInventorization/data/views/1fvP9NT5_6iZNUvLPkcKtw_view2_tree0_box0.jpg,1fvP9NT5_6iZNUvLPkcKtw,30.71239486332762,76.79957744336687,30.712483243286997,76.79965371624087,2704.0,3766.0,-120,0.19325248897075653,12.428941667743487
/home/utkarsh/TreeInventorization/data/views/1fvP9NT5_6iZNUvLPkcKtw_view7_tree0_box0.jpg,1fvP9NT5_6iZNUvLPkcKtw,30.71239486332762,76.79957744336687,30.712275926196426,76.79954342892312,8541.0,3629.0,30,0.31327611207962036,13.742964959966399
/home/utkarsh/TreeInventorization/data/views/gXQTbnNYIV4iOvE4RrVW1w_view0_tree0_box0.jpg,gXQTbnNYIV4iOvE4RrVW1w,30.71225827549035,76.79971907180207,30.712354307531687,76.79969844406743,943.0,3782.0,-180,0.29014554619789124,11.09472669051508
/home/utkarsh/TreeInventorization/data/views/gXQTbnNYIV4iOvE4RrVW1w_view10_tree0_box0.jpg,gXQTbnNYIV4iOvE4RrVW1w,30.71225827549035,76.79971907180207,30.711914841028523,76.79940004453546,9442.0,3394.0,120,0.1218961775302887,48.90687364061127
/home/utkarsh/TreeInventorization/data/views/gXQTbnNYIV4iOvE4RrVW1w_view11_tree0_box0.jpg,gXQTbnNYIV4iOvE4RrVW1w,30.71225827549035,76.79971907180207,30.712232506020825,76.79957829524379,10894.0,3634.0,150,0.11416923999786377,14.021517987848684
/home/utkarsh/TreeInventorization/data/views/WhggcnMyKgJVAKM7xC_qtA_view1_tree0_box0.jpg,WhggcnMyKgJVAKM7xC_qtA,30.71250192959662,76.79931980067332,30.71247648230141,76.79935061763994,12930.0,4307.0,-150,0.17348980903625488,4.542675005052447
/home/utkarsh/TreeInventorization/data/views/WhggcnMyKgJVAKM7xC_qtA_view2_tree0_box0.jpg,WhggcnMyKgJVAKM7xC_qtA,30.71250192959662,76.79931980067332,30.712473331397614,76.79927030102877,3403.0,4007.0,-120,0.10041531920433044,6.034400360344742
/home/utkarsh/TreeInventorization/data/views/WhggcnMyKgJVAKM7xC_qtA_view6_tree0_box0.jpg,WhggcnMyKgJVAKM7xC_qtA,30.71250192959662,76.79931980067332,30.71255177046478,76.7991894683921,5528.0,3627.0,0,0.16549444198608398,13.814118259496977
/home/utkarsh/TreeInventorization/data/views/FaVCw0YgxXIrjTUawf-9IA_view8_tree0_box0.jpg,FaVCw0YgxXIrjTUawf-9IA,30.71232714751623,76.79964759743476,30.712258884854602,76.79956999763215,9665.0,3699.0,60,0.17361292243003845,10.82759966788485
/home/utkarsh/TreeInventorization/data/views/FaVCw0YgxXIrjTUawf-9IA_view10_tree0_box1.jpg,FaVCw0YgxXIrjTUawf-9IA,30.71232714751623,76.79964759743476,30.712579700415375,76.79920326100324,12569.0,3408.0,120,0.1112104281783104,51.06011013074887
/home/utkarsh/TreeInventorization/data/views/iGF86mt6OIVy8ryrFl5ZZA_view1_tree0_box0.jpg,iGF86mt6OIVy8ryrFl5ZZA,30.71228832357618,76.79953158353452,30.712222260233386,76.79952918884588,1399.0,3859.0,-150,0.11266305297613144,7.558458149112043
/home/utkarsh/TreeInventorization/data/views/iGF86mt6OIVy8ryrFl5ZZA_view8_tree0_box0.jpg,iGF86mt6OIVy8ryrFl5ZZA,30.71228832357618,76.79953158353452,30.71268348517429,76.79976035392663,8963.0,3478.0,60,0.1461845338344574,49.10260566421956
/home/utkarsh/TreeInventorization/data/views/iGF86mt6OIVy8ryrFl5ZZA_view9_tree0_box3.jpg,iGF86mt6OIVy8ryrFl5ZZA,30.71228832357618,76.79953158353452,30.712342245673284,76.79971467432105,10612.0,3636.0,90,0.12381527572870255,18.700660313069154
/home/utkarsh/TreeInventorization/data/views/iGF86mt6OIVy8ryrFl5ZZA_view11_tree0_box0.jpg,iGF86mt6OIVy8ryrFl5ZZA,30.71228832357618,76.79953158353452,30.71230399438966,76.79958027947694,10548.0,4194.0,150,0.12135995924472809,5.4016600955206835
/home/utkarsh/TreeInventorization/data/views/CXVMVrRs_0unyWoyy6wiFw_view0_tree0_box0.jpg,CXVMVrRs_0unyWoyy6wiFw,30.71250522295659,76.79947639327246,30.712589360987803,76.79923737526262,12106.0,3534.0,-180,0.14844855666160583,24.930714611705817
/home/utkarsh/TreeInventorization/data/views/CXVMVrRs_0unyWoyy6wiFw_view7_tree0_box0.jpg,CXVMVrRs_0unyWoyy6wiFw,30.71250522295659,76.79947639327246,30.712278340648822,76.79951739473775,7639.0,3486.0,30,0.19188368320465088,25.52339526624854
/home/utkarsh/TreeInventorization/data/views/CXVMVrRs_0unyWoyy6wiFw_view11_tree0_box0.jpg,CXVMVrRs_0unyWoyy6wiFw,30.71250522295659,76.79947639327246,30.71247651619642,76.79929765060659,10902.0,3612.0,150,0.16220170259475708,17.666215483260537
/home/utkarsh/TreeInventorization/data/views/6j43UJoO3IUAIBawhy8GTw_view5_tree0_box0.jpg,6j43UJoO3IUAIBawhy8GTw,30.71252782604243,76.79929858715825,30.71263563419568,76.79910847277054,5897.0,3484.0,-30,0.10197323560714722,21.86123767897708
/home/utkarsh/TreeInventorization/data/views/6j43UJoO3IUAIBawhy8GTw_view8_tree0_box0.jpg,6j43UJoO3IUAIBawhy8GTw,30.71252782604243,76.79929858715825,30.712766695708762,76.79927615278757,7822.0,3518.0,60,0.21997478604316711,26.67099822354916
/home/utkarsh/TreeInventorization/data/views/DT0g1sIr-1mTVKpJiZschg_view10_tree0_box0.jpg,DT0g1sIr-1mTVKpJiZschg,30.71236274010175,76.79945790849021,30.712340389026327,76.79969236545479,11515.0,3568.0,120,0.13242726027965546,22.70952934722058
/home/utkarsh/TreeInventorization/data/views/PAZBIy8aEN-c0YB1WJB_ZQ_view6_tree0_box0.jpg,PAZBIy8aEN-c0YB1WJB_ZQ,30.71243123547229,76.79939030697754,30.71246804934898,76.79927683522004,5389.0,3658.0,0,0.5818188786506653,11.778471262180124
/home/utkarsh/TreeInventorization/data/views/PAZBIy8aEN-c0YB1WJB_ZQ_view9_tree0_box0.jpg,PAZBIy8aEN-c0YB1WJB_ZQ,30.71243123547229,76.79939030697754,30.712568180286937,76.79965107520951,10130.0,3552.0,90,0.12890706956386566,29.34867948572153
/home/utkarsh/TreeInventorization/data/views/PAZBIy8aEN-c0YB1WJB_ZQ_view11_tree0_box0.jpg,PAZBIy8aEN-c0YB1WJB_ZQ,30.71243123547229,76.79939030697754,30.712193712580852,76.79949293777086,549.0,3458.0,150,0.14469504356384277,28.1623479523474
/home/utkarsh/TreeInventorization/data/views/WfemTBzu5kpPI4ae9M5PWg_view0_tree0_box0.jpg,WfemTBzu5kpPI4ae9M5PWg,30.71246193524698,76.79950772937322,30.712502157293766,76.7995137064571,1583.0,4328.0,-180,0.3236304521560669,5.029736660561083
/home/utkarsh/TreeInventorization/data/views/WfemTBzu5kpPI4ae9M5PWg_view4_tree0_box0.jpg,WfemTBzu5kpPI4ae9M5PWg,30.71246193524698,76.79950772937322,30.71225726826098,76.80032485291187,5277.0,3390.0,-60,0.20411430299282074,81.50011544015778
/home/utkarsh/TreeInventorization/data/views/WfemTBzu5kpPI4ae9M5PWg_view7_tree0_box0.jpg,WfemTBzu5kpPI4ae9M5PWg,30.71246193524698,76.79950772937322,30.71230382227477,76.79952025727806,7870.0,3544.0,30,0.2556799054145813,17.663640375306638
/home/utkarsh/TreeInventorization/data/views/WfemTBzu5kpPI4ae9M5PWg_view10_tree0_box0.jpg,WfemTBzu5kpPI4ae9M5PWg,30.71246193524698,76.79950772937322,30.71246875394926,76.79934944960436,11439.0,3594.0,120,0.1279725730419159,15.382147486921689
/home/utkarsh/TreeInventorization/data/views/yNFiuQ8GdrcHb80HDpCNAg_view0_tree0_box0.jpg,yNFiuQ8GdrcHb80HDpCNAg,30.71222337463115,76.79975991427926,30.712332876333946,76.79970320696161,422.0,3644.0,-180,0.16659435629844666,13.477530738277613
/home/utkarsh/TreeInventorization/data/views/yNFiuQ8GdrcHb80HDpCNAg_view0_tree0_box1.jpg,yNFiuQ8GdrcHb80HDpCNAg,30.71222337463115,76.79975991427926,30.71224371715811,76.79973896796093,13050.0,4583.0,-180,0.1197364330291748,3.7006505053651546
/home/utkarsh/TreeInventorization/data/views/3vmFXCGvhJcaEpnRjqSxag_view9_tree0_box0.jpg,3vmFXCGvhJcaEpnRjqSxag,30.71229090016883,76.79969125665906,30.712239716208895,76.79957192442706,10318.0,3666.0,90,0.10989058017730713,12.996891541874506
/home/utkarsh/TreeInventorization/data/views/3vmFXCGvhJcaEpnRjqSxag_view11_tree0_box0.jpg,3vmFXCGvhJcaEpnRjqSxag,30.71229090016883,76.79969125665906,30.712365983638275,76.79965953126694,549.0,3816.0,150,0.17366793751716614,9.116640296955252
/home/utkarsh/TreeInventorization/data/views/plA4PXWc2VaB109-RFbHXQ_view0_tree0_box0.jpg,plA4PXWc2VaB109-RFbHXQ,30.71264885768972,76.79917236226775,30.712604693188688,76.79940551231195,11757.0,3550.0,-180,0.27833619713783264,22.97144464914796
/home/utkarsh/TreeInventorization/data/views/plA4PXWc2VaB109-RFbHXQ_view1_tree0_box0.jpg,plA4PXWc2VaB109-RFbHXQ,30.71264885768972,76.79917236226775,30.712563327998886,76.79917844716046,1189.0,3754.0,-150,0.16640588641166687,9.695313497402477
/home/utkarsh/TreeInventorization/data/views/iU5_ebdXp-rsxImSHaPW3w_view0_tree0_box2.jpg,iU5_ebdXp-rsxImSHaPW3w,30.71264283002647,76.79933881361322,30.71272603376592,76.79901017062139,11872.0,3458.0,-180,0.1280747801065445,32.91592316992172
/home/utkarsh/TreeInventorization/data/views/iU5_ebdXp-rsxImSHaPW3w_view1_tree0_box0.jpg,iU5_ebdXp-rsxImSHaPW3w,30.71264283002647,76.79933881361322,30.71266828077608,76.79934278668364,1543.0,4448.0,-150,0.42846035957336426,3.2848476440206067
/home/utkarsh/TreeInventorization/data/views/iU5_ebdXp-rsxImSHaPW3w_view1_tree0_box2.jpg,iU5_ebdXp-rsxImSHaPW3w,30.71264283002647,76.79933881361322,30.712731784635693,76.7993047571451,600.0,3711.0,-150,0.12856696546077728,10.566952369347389
/home/utkarsh/TreeInventorization/data/views/iU5_ebdXp-rsxImSHaPW3w_view1_tree0_box3.jpg,iU5_ebdXp-rsxImSHaPW3w,30.71264283002647,76.79933881361322,30.712667898557775,76.79931001919638,12923.0,4256.0,-150,0.1279575079679489,4.351185209125655
/home/utkarsh/TreeInventorization/data/views/EZxNuovsmXUn0Rr-wCi33w_view8_tree0_box0.jpg,EZxNuovsmXUn0Rr-wCi33w,30.71287904446979,76.79908310693328,30.71275177534658,76.79902685833034,8752.0,3552.0,60,0.30132991075515747,15.205579556647052
/home/utkarsh/TreeInventorization/data/views/9RH5WKPYC8mlLzcEHlzxfw_view10_tree0_box0.jpg,9RH5WKPYC8mlLzcEHlzxfw,30.71257428497586,76.79940676724507,30.712586762096066,76.79937100662858,12087.0,4409.0,120,0.2889177203178406,4.280377271869835
/home/utkarsh/TreeInventorization/data/views/TxMMyqhTb0-_uR6D7SlWag_view3_tree0_box1.jpg,TxMMyqhTb0-_uR6D7SlWag,30.71257924734327,76.79924251656367,30.71257515194316,76.79920261189504,4396.0,4339.0,-90,0.46260014176368713,4.344657687633258
/home/utkarsh/TreeInventorization/data/views/TxMMyqhTb0-_uR6D7SlWag_view4_tree0_box0.jpg,TxMMyqhTb0-_uR6D7SlWag,30.71257924734327,76.79924251656367,30.71256017162425,76.79917798057147,3951.0,3937.0,-60,0.4378843307495117,6.825205694149279
/home/utkarsh/TreeInventorization/data/views/TxMMyqhTb0-_uR6D7SlWag_view5_tree0_box0.jpg,TxMMyqhTb0-_uR6D7SlWag,30.71257924734327,76.79924251656367,30.712642265889773,76.79910063160519,5656.0,3564.0,-30,0.11069251596927643,15.380356636082556
/home/utkarsh/TreeInventorization/data/views/TxMMyqhTb0-_uR6D7SlWag_view9_tree0_box0.jpg,TxMMyqhTb0-_uR6D7SlWag,30.71257924734327,76.79924251656367,30.71259512953784,76.79943296750439,11105.0,3606.0,90,0.32434719800949097,18.476498384857816
/home/utkarsh/TreeInventorization/data/views/ypcJ5sztbss8VDOVXiUG0Q_view5_tree0_box0.jpg,ypcJ5sztbss8VDOVXiUG0Q,30.71280879965521,76.79915378941742,30.712813831790857,76.79919123423636,4329.0,4458.0,-30,0.11832587420940399,4.130780270522832
/home/utkarsh/TreeInventorization/data/views/ypcJ5sztbss8VDOVXiUG0Q_view10_tree0_box0.jpg,ypcJ5sztbss8VDOVXiUG0Q,30.71280879965521,76.79915378941742,30.712733982705842,76.79903264023383,9999.0,3573.0,120,0.12904280424118042,14.423976769937154
/home/utkarsh/TreeInventorization/data/views/xpC9Xp9zgC-BCE2UCsKF0w_view0_tree0_box1.jpg,xpC9Xp9zgC-BCE2UCsKF0w,30.71283527809446,76.79898768991727,30.712665319124284,76.79908032778506,406.0,3516.0,-180,0.128474622964859,20.90984978122416
/home/utkarsh/TreeInventorization/data/views/xpC9Xp9zgC-BCE2UCsKF0w_view1_tree0_box0.jpg,xpC9Xp9zgC-BCE2UCsKF0w,30.71283527809446,76.79898768991727,30.71273679511569,76.7990066634933,991.0,3690.0,-150,0.39931902289390564,11.237838631502202
/home/utkarsh/TreeInventorization/data/views/xpC9Xp9zgC-BCE2UCsKF0w_view10_tree0_box1.jpg,xpC9Xp9zgC-BCE2UCsKF0w,30.71283527809446,76.79898768991727,30.712776410586496,76.79926224947579,11837.0,3531.0,120,0.15869735181331635,27.200831075456644
/home/utkarsh/TreeInventorization/data/views/IK0RJtJhpYDKZyjaIULOIg_view0_tree0_box0.jpg,IK0RJtJhpYDKZyjaIULOIg,30.71285375990701,76.79912782263152,30.712908124054128,76.79875105924683,11669.0,3465.0,-180,0.16118957102298737,36.763872464941166
/home/utkarsh/TreeInventorization/data/views/IK0RJtJhpYDKZyjaIULOIg_view4_tree0_box0.jpg,IK0RJtJhpYDKZyjaIULOIg,30.71285375990701,76.79912782263152,30.713120243134888,76.79939467757367,2853.0,3099.0,-60,0.5660684108734131,39.41894212070189
/home/utkarsh/TreeInventorization/data/views/IK0RJtJhpYDKZyjaIULOIg_view5_tree0_box0.jpg,IK0RJtJhpYDKZyjaIULOIg,30.71285375990701,76.79912782263152,30.712845680918306,76.79919060563968,4983.0,3950.0,-30,0.445070743560791,6.294218991194124
/home/utkarsh/TreeInventorization/data/views/IK0RJtJhpYDKZyjaIULOIg_view6_tree0_box1.jpg,IK0RJtJhpYDKZyjaIULOIg,30.71285375990701,76.79912782263152,30.712819804041754,76.79912431900195,8217.0,4346.0,0,0.12660610675811768,4.279559150555014
/home/utkarsh/TreeInventorization/data/views/IK0RJtJhpYDKZyjaIULOIg_view8_tree0_box0.jpg,IK0RJtJhpYDKZyjaIULOIg,30.71285375990701,76.79912782263152,30.712707231856452,76.79899982868616,9368.0,3558.0,60,0.1292225569486618,20.532601197890596
/home/utkarsh/TreeInventorization/data/views/IK0RJtJhpYDKZyjaIULOIg_view9_tree0_box0.jpg,IK0RJtJhpYDKZyjaIULOIg,30.71285375990701,76.79912782263152,30.71290396523359,76.79875039832548,11642.0,3478.0,90,0.22126729786396027,36.77635417656354
/home/utkarsh/TreeInventorization/data/views/qEVOW6ltGaKq1OMTsvvyBg_view1_tree0_box0.jpg,qEVOW6ltGaKq1OMTsvvyBg,30.71278703316322,76.7991958644014,30.712832730539162,76.79923948037538,2768.0,3912.0,-150,0.2579246461391449,6.781157882967962
/home/utkarsh/TreeInventorization/data/views/qEVOW6ltGaKq1OMTsvvyBg_view8_tree0_box0.jpg,qEVOW6ltGaKq1OMTsvvyBg,30.71278703316322,76.7991958644014,30.712716830814927,76.79899513302695,10488.0,3544.0,60,0.24936094880104065,20.92569767205815
/home/utkarsh/TreeInventorization/data/views/0XxyDYp8vGWOP73uSHTwvQ_view11_tree0_box0.jpg,0XxyDYp8vGWOP73uSHTwvQ,30.71273951586664,76.79922376767792,30.712727056208738,76.79905540950284,11134.0,3542.0,150,0.11388637870550156,16.3298178703926
/home/utkarsh/TreeInventorization/data/views/j0q1PWdMYTU3vMGJiib9hw_view2_tree0_box0.jpg,j0q1PWdMYTU3vMGJiib9hw,30.7126829237786,76.79914181828968,30.712641982023122,76.79908295892712,3225.0,3831.0,-120,0.18619230389595032,7.471412670400543
/home/utkarsh/TreeInventorization/data/views/Ro3AqKRbK-FW0MzzS-TTkA_view6_tree0_box0.jpg,Ro3AqKRbK-FW0MzzS-TTkA,30.71271714635121,76.79926584263826,30.71268402270093,76.7993409093076,5629.0,3727.0,0,0.22670865058898926,8.183696414441291
/home/utkarsh/TreeInventorization/data/views/Ro3AqKRbK-FW0MzzS-TTkA_view9_tree0_box0.jpg,Ro3AqKRbK-FW0MzzS-TTkA,30.71271714635121,76.79926584263826,30.712728455770996,76.79891596943006,11356.0,3481.0,90,0.25958606600761414,33.71558213593697
/home/utkarsh/TreeInventorization/data/views/04ETAfnEtjSLtuC11dcSNQ_view1_tree0_box0.jpg,04ETAfnEtjSLtuC11dcSNQ,30.71275103331782,76.79907298428283,30.712647857738457,76.79909244837198,995.0,3661.0,-150,0.4469412565231323,11.73159956656604
/home/utkarsh/TreeInventorization/data/views/04ETAfnEtjSLtuC11dcSNQ_view1_tree0_box2.jpg,04ETAfnEtjSLtuC11dcSNQ,30.71275103331782,76.79907298428283,30.71267558901028,76.7990547352455,1775.0,3756.0,-150,0.10897824168205261,8.727619103194744
/home/utkarsh/TreeInventorization/data/views/04ETAfnEtjSLtuC11dcSNQ_view4_tree0_box0.jpg,04ETAfnEtjSLtuC11dcSNQ,30.71275103331782,76.79907298428283,30.71272967074048,76.79897252527616,4151.0,3679.0,-60,0.1918589174747467,10.068953359060384
/home/utkarsh/TreeInventorization/data/views/04ETAfnEtjSLtuC11dcSNQ_view9_tree0_box0.jpg,04ETAfnEtjSLtuC11dcSNQ,30.71275103331782,76.79907298428283,30.71277172643252,76.7992702605519,11061.0,3610.0,90,0.13525210320949554,19.176889782757655
/home/utkarsh/TreeInventorization/data/views/04ETAfnEtjSLtuC11dcSNQ_view11_tree0_box0.jpg,04ETAfnEtjSLtuC11dcSNQ,30.71275103331782,76.79907298428283,30.712584729326746,76.79916008044559,435.0,3511.0,150,0.20544172823429108,20.3056158159507
/home/utkarsh/TreeInventorization/data/views/04ETAfnEtjSLtuC11dcSNQ_view11_tree0_box1.jpg,04ETAfnEtjSLtuC11dcSNQ,30.71275103331782,76.79907298428283,30.712764830448283,76.79911549801561,10552.0,4269.0,150,0.16182653605937958,4.791920131120102
/home/utkarsh/TreeInventorization/data/views/ROoR4MeU0fZa3VT4MkiMyw_view11_tree0_box0.jpg,ROoR4MeU0fZa3VT4MkiMyw,30.71260492853856,76.79936055525852,30.712630064755555,76.7991714273131,11646.0,3521.0,150,0.11080023646354675,18.45367461469114
/home/utkarsh/TreeInventorization/data/views/f_ZGX5bzBkK0l0p8in-KZw_view2_tree0_box1.jpg,f_ZGX5bzBkK0l0p8in-KZw,30.71307714727124,76.7989039799104,30.71312358143718,76.79891354079206,1647.0,4021.0,-120,0.17187273502349854,5.497052051549149
/home/utkarsh/TreeInventorization/data/views/f_ZGX5bzBkK0l0p8in-KZw_view4_tree0_box0.jpg,f_ZGX5bzBkK0l0p8in-KZw,30.71307714727124,76.7989039799104,30.713039905606802,76.79898569061221,5677.0,3725.0,-60,0.553378701210022,8.940458470150567
/home/utkarsh/TreeInventorization/data/views/f_ZGX5bzBkK0l0p8in-KZw_view6_tree0_box2.jpg,f_ZGX5bzBkK0l0p8in-KZw,30.71307714727124,76.7989039799104,30.7128445772466,76.79891848117677,7861.0,3489.0,0,0.12020206451416016,25.90127340037834
/home/utkarsh/TreeInventorization/data/views/f_ZGX5bzBkK0l0p8in-KZw_view8_tree0_box0.jpg,f_ZGX5bzBkK0l0p8in-KZw,30.71307714727124,76.7989039799104,30.71293513768861,76.7988449548445,8711.0,3596.0,60,0.3281491696834564,16.916877441232444
/home/utkarsh/TreeInventorization/data/views/-UoyClZBiytxk5JUQP7iAQ_view9_tree0_box0.jpg,-UoyClZBiytxk5JUQP7iAQ,30.71308284310848,76.79873515135536,30.71305122985132,76.79903481422545,11596.0,3505.0,90,0.1552857607603073,29.03364752932757
/home/utkarsh/TreeInventorization/data/views/nT5ijz8hFtnr3FP9PR7ODA_view5_tree0_box0.jpg,nT5ijz8hFtnr3FP9PR7ODA,30.71289390750647,76.79892801023358,30.712892912876,76.7988934483873,4589.0,4408.0,-30,0.31041985750198364,3.8203521502968543
/home/utkarsh/TreeInventorization/data/views/nT5ijz8hFtnr3FP9PR7ODA_view8_tree0_box0.jpg,nT5ijz8hFtnr3FP9PR7ODA,30.71289390750647,76.79892801023358,30.71303723334384,76.79900753359507,8938.0,3625.0,60,0.10349864512681961,17.773576662537902
/home/utkarsh/TreeInventorization/data/views/nT5ijz8hFtnr3FP9PR7ODA_view11_tree0_box0.jpg,nT5ijz8hFtnr3FP9PR7ODA,30.71289390750647,76.79892801023358,30.712699151980225,76.79902181101362,504.0,3505.0,150,0.3869519829750061,23.470258032170396
/home/utkarsh/TreeInventorization/data/views/HJ6OaV0c3EbmlbZ8xwF3Pg_view3_tree0_box0.jpg,HJ6OaV0c3EbmlbZ8xwF3Pg,30.71296716242792,76.79885310250758,30.712912273200747,76.79883548014456,1916.0,3900.0,-90,0.1048714742064476,6.564187676741485
/home/utkarsh/TreeInventorization/data/views/HJ6OaV0c3EbmlbZ8xwF3Pg_view11_tree0_box1.jpg,HJ6OaV0c3EbmlbZ8xwF3Pg,30.71296716242792,76.79885310250758,30.712775546073534,76.79894056727666,545.0,3502.0,150,0.10141762346029282,22.917616633982647
/home/utkarsh/TreeInventorization/data/views/Oa86rqnb9hdBaO7czXL7xw_view11_tree0_box1.jpg,Oa86rqnb9hdBaO7czXL7xw,30.71293463794148,76.7988869034142,30.71294855965084,76.79893184998629,10584.0,4276.0,150,0.1068679541349411,5.04805631318234
/home/utkarsh/TreeInventorization/data/views/YOPMwY4iN2vskzeQ56_8fQ_view1_tree0_box0.jpg,YOPMwY4iN2vskzeQ56_8fQ,30.71303387372071,76.79892792221042,30.71312998601196,76.79891552036757,1049.0,3726.0,-150,0.22191432118415833,10.920422836044297
/home/utkarsh/TreeInventorization/data/views/YOPMwY4iN2vskzeQ56_8fQ_view5_tree0_box0.jpg,YOPMwY4iN2vskzeQ56_8fQ,30.71303387372071,76.79892792221042,30.713002111871937,76.79894366406329,7158.0,4327.0,-30,0.16312889754772186,4.262723992963433
/home/utkarsh/TreeInventorization/data/views/YOPMwY4iN2vskzeQ56_8fQ_view8_tree0_box1.jpg,YOPMwY4iN2vskzeQ56_8fQ,30.71303387372071,76.79892792221042,30.71293240770199,76.7988537866041,9168.0,3595.0,60,0.15969476103782654,13.469967598778432
/home/utkarsh/TreeInventorization/data/views/YOPMwY4iN2vskzeQ56_8fQ_view11_tree0_box0.jpg,YOPMwY4iN2vskzeQ56_8fQ,30.71303387372071,76.79892792221042,30.71299576888329,76.79880392481648,10571.0,3615.0,150,0.11535915732383728,12.830233865480533
/home/utkarsh/TreeInventorization/data/views/JLOOUhKtolvYMWGZrE9Ixw_view2_tree0_box0.jpg,JLOOUhKtolvYMWGZrE9Ixw,30.71309830602116,76.79886436947746,30.713204656897332,76.79883917915366,856.0,3664.0,-120,0.4189601540565491,12.213744296892708
/home/utkarsh/TreeInventorization/data/views/JLOOUhKtolvYMWGZrE9Ixw_view5_tree0_box0.jpg,JLOOUhKtolvYMWGZrE9Ixw,30.71309830602116,76.79886436947746,30.712788355332293,76.79901941491454,7098.0,3406.0,-30,0.12438388168811798,37.44016633996155
/home/utkarsh/TreeInventorization/data/views/IwRW_0tneN4lfx1SBV7f0g_view0_tree0_box0.jpg,IwRW_0tneN4lfx1SBV7f0g,30.713138555594,76.79884201158308,30.71319205029624,76.79885110399263,1637.0,3983.0,-180,0.18737202882766724,6.277685702526829
/home/utkarsh/TreeInventorization/data/views/IwRW_0tneN4lfx1SBV7f0g_view0_tree0_box1.jpg,IwRW_0tneN4lfx1SBV7f0g,30.713138555594,76.79884201158308,30.71321528124985,76.7985653447724,11993.0,3504.0,-180,0.13512727618217468,28.03675786325477
/home/utkarsh/TreeInventorization/data/views/IwRW_0tneN4lfx1SBV7f0g_view4_tree0_box0.jpg,IwRW_0tneN4lfx1SBV7f0g,30.713138555594,76.79884201158308,30.71312114131479,76.79893031758095,5162.0,3775.0,-60,0.29776719212532043,8.808062244142233
/home/utkarsh/TreeInventorization/data/views/IwRW_0tneN4lfx1SBV7f0g_view10_tree0_box0.jpg,IwRW_0tneN4lfx1SBV7f0g,30.713138555594,76.79884201158308,30.713158478905594,76.7986233123393,11559.0,3539.0,120,0.13253982365131378,21.270626276165157
/home/utkarsh/TreeInventorization/data/views/_EJGaqmIGMjX_1tZ1hp1SQ_view2_tree0_box0.jpg,_EJGaqmIGMjX_1tZ1hp1SQ,30.7129327048161,76.79904543306485,30.713006018731075,76.79901676368421,589.0,3746.0,-120,0.17479278147220612,8.768559337160998
/home/utkarsh/TreeInventorization/data/views/_EJGaqmIGMjX_1tZ1hp1SQ_view5_tree0_box0.jpg,_EJGaqmIGMjX_1tZ1hp1SQ,30.7129327048161,76.79904543306485,30.71305020507644,76.7994338421616,3913.0,3252.0,-30,0.12120649218559265,39.53924095259385
/home/utkarsh/TreeInventorization/data/views/02svcgO6lIJFDyQGtVxiNQ_view2_tree0_box1.jpg,02svcgO6lIJFDyQGtVxiNQ,30.71300798178864,76.79897175773313,30.713768756946443,76.79919404874092,1796.0,3313.0,-120,0.13803085684776306,87.0126788938099
/home/utkarsh/TreeInventorization/data/views/02svcgO6lIJFDyQGtVxiNQ_view2_tree0_box2.jpg,02svcgO6lIJFDyQGtVxiNQ,30.71300798178864,76.79897175773313,30.713124335786993,76.79929646965978,3770.0,3011.0,-120,0.11839548498392105,34.271659242910026
/home/utkarsh/TreeInventorization/data/views/02svcgO6lIJFDyQGtVxiNQ_view4_tree0_box0.jpg,02svcgO6lIJFDyQGtVxiNQ,30.71300798178864,76.79897175773313,30.712940241465258,76.79909269200834,5823.0,3578.0,-60,0.18842501938343048,13.859821876413804
/home/utkarsh/TreeInventorization/data/views/02svcgO6lIJFDyQGtVxiNQ_view11_tree0_box0.jpg,02svcgO6lIJFDyQGtVxiNQ,30.71300798178864,76.79897175773313,30.713073978859843,76.7989430781122,491.0,3814.0,150,0.28531283140182495,8.044994242837431
/home/utkarsh/TreeInventorization/data/views/jZ7oShVXk4H6R4QnK3WnFQ_view1_tree0_box0.jpg,jZ7oShVXk4H6R4QnK3WnFQ,30.71303185768957,76.7987870850854,30.712975710349937,76.79874229681697,2624.0,3832.0,-150,0.16561809182167053,7.7832094649266175
/home/utkarsh/TreeInventorization/data/views/jZ7oShVXk4H6R4QnK3WnFQ_view4_tree0_box0.jpg,jZ7oShVXk4H6R4QnK3WnFQ,30.71303185768957,76.7987870850854,30.713016864396554,76.79875236796951,3689.0,4361.0,-60,0.24557410180568695,4.209072051457273
/home/utkarsh/TreeInventorization/data/views/jZ7oShVXk4H6R4QnK3WnFQ_view11_tree0_box0.jpg,jZ7oShVXk4H6R4QnK3WnFQ,30.71303185768957,76.7987870850854,30.713047256109725,76.7988331308207,10552.0,4237.0,150,0.12369361519813538,5.2012899443992495
/home/utkarsh/TreeInventorization/data/views/MK1K8xMamD5FV34Y6tk89A_view0_tree0_box0.jpg,MK1K8xMamD5FV34Y6tk89A,30.71316556268112,76.79879896822396,30.713208015847947,76.7988075220153,1644.0,4205.0,-180,0.1302720308303833,5.2041597111363895
/home/utkarsh/TreeInventorization/data/views/MK1K8xMamD5FV34Y6tk89A_view5_tree0_box0.jpg,MK1K8xMamD5FV34Y6tk89A,30.71316556268112,76.79879896822396,30.713103803603357,76.79897239056504,5474.0,3597.0,-30,0.17044705152511597,18.04322789977005
/home/utkarsh/TreeInventorization/data/views/AcS2xvOyfxHYWGL2KF6arg_view8_tree0_box0.jpg,AcS2xvOyfxHYWGL2KF6arg,30.71296066415485,76.79899992512912,30.71286931672268,76.79894823730228,8942.0,3625.0,60,0.11603054404258728,11.418330182990175
/home/utkarsh/TreeInventorization/data/views/zn1rELfH62iUdGDRhdjRFg_view8_tree0_box0.jpg,zn1rELfH62iUdGDRhdjRFg,30.71339299243607,76.79856755489934,30.713341103296532,76.7984481413996,10336.0,3636.0,60,0.10642965137958527,12.9942293875227
/home/utkarsh/TreeInventorization/data/views/JOjjFMWo1jSFu01rNbOGzQ_view7_tree0_box0.jpg,JOjjFMWo1jSFu01rNbOGzQ,30.71349537508785,76.79846685607997,30.713363188999406,76.79835864495719,9424.0,3571.0,30,0.23458939790725708,18.114784298892832
/home/utkarsh/TreeInventorization/data/views/6fETMo_p3bozDHVcQHYVDg_view0_tree0_box0.jpg,6fETMo_p3bozDHVcQHYVDg,30.71331181785507,76.79865003280528,30.713401246887432,76.79834066795395,12006.0,3441.0,-180,0.22606995701789856,31.339291762588452
/home/utkarsh/TreeInventorization/data/views/6fETMo_p3bozDHVcQHYVDg_view2_tree0_box0.jpg,6fETMo_p3bozDHVcQHYVDg,30.71331181785507,76.79865003280528,30.713456770574545,76.79858698706258,572.0,3564.0,-120,0.10834064334630966,17.29394909113152
/home/utkarsh/TreeInventorization/data/views/6fETMo_p3bozDHVcQHYVDg_view10_tree0_box0.jpg,6fETMo_p3bozDHVcQHYVDg,30.71331181785507,76.79865003280528,30.713475720669162,76.79835804506877,12542.0,3435.0,120,0.2680174708366394,33.4382823285209
/home/utkarsh/TreeInventorization/data/views/4jZnrkQliScvTC6-R1-_WQ_view1_tree0_box0.jpg,4jZnrkQliScvTC6-R1-_WQ,30.713322894513,76.79848745357236,30.713254639109305,76.79849352003791,1189.0,3801.0,-150,0.2176673263311386,7.802690267292609
/home/utkarsh/TreeInventorization/data/views/4jZnrkQliScvTC6-R1-_WQ_view3_tree0_box0.jpg,4jZnrkQliScvTC6-R1-_WQ,30.713322894513,76.79848745357236,30.71332703540662,76.79840521875244,4799.0,3792.0,-90,0.13101515173912048,8.07728726158044
/home/utkarsh/TreeInventorization/data/views/4jZnrkQliScvTC6-R1-_WQ_view9_tree0_box0.jpg,4jZnrkQliScvTC6-R1-_WQ,30.713322894513,76.79848745357236,30.713443755494232,76.79858506655016,9302.0,3634.0,90,0.31807005405426025,16.495733638567827
/home/utkarsh/TreeInventorization/data/views/UnLvppB_SbmH_N5l3m2SMg_view7_tree0_box1.jpg,UnLvppB_SbmH_N5l3m2SMg,30.71324400829268,76.79871842692921,30.713002446949424,76.7988015981951,7378.0,3439.0,30,0.10937146097421646,27.966211712018023
/home/utkarsh/TreeInventorization/data/views/UnLvppB_SbmH_N5l3m2SMg_view10_tree0_box0.jpg,UnLvppB_SbmH_N5l3m2SMg,30.71324400829268,76.79871842692921,30.713512755334925,76.79827537285317,12608.0,3407.0,120,0.13278326392173767,51.99381763550741
/home/utkarsh/TreeInventorization/data/views/EOlBo6dYDtzQfT0Hvv3Xow_view11_tree0_box0.jpg,EOlBo6dYDtzQfT0Hvv3Xow,30.71347265717372,76.79848630926732,30.713690276411278,76.79838648729842,519.0,3504.0,150,0.15632009506225586,26.069280560165275
/home/utkarsh/TreeInventorization/data/views/1eIGWaqxIvroN18JGU0u3Q_view6_tree0_box0.jpg,1eIGWaqxIvroN18JGU0u3Q,30.71344384679387,76.79837135056859,30.71356660371367,76.79818178204106,5989.0,3487.0,0,0.4643312692642212,22.742881355030708
/home/utkarsh/TreeInventorization/data/views/aV8vn3WLP8jPo0ENubNeFQ_view1_tree0_box2.jpg,aV8vn3WLP8jPo0ENubNeFQ,30.7135293596397,76.79828499943956,30.713360631550984,76.79833599069221,803.0,3530.0,-150,0.20613877475261688,19.430011665667458
/home/utkarsh/TreeInventorization/data/views/aV8vn3WLP8jPo0ENubNeFQ_view1_tree0_box4.jpg,aV8vn3WLP8jPo0ENubNeFQ,30.7135293596397,76.79828499943956,30.71334914446555,76.7983924377297,336.0,3484.0,-150,0.11784737557172775,22.539496334677207
/home/utkarsh/TreeInventorization/data/views/aV8vn3WLP8jPo0ENubNeFQ_view4_tree0_box1.jpg,aV8vn3WLP8jPo0ENubNeFQ,30.7135293596397,76.79828499943956,30.7134940238401,76.79813590905805,4102.0,3541.0,-60,0.5858667492866516,14.900349889382962
/home/utkarsh/TreeInventorization/data/views/aV8vn3WLP8jPo0ENubNeFQ_view5_tree0_box0.jpg,aV8vn3WLP8jPo0ENubNeFQ,30.7135293596397,76.79828499943956,30.71359900689714,76.79813589421885,5718.0,3543.0,-30,0.4964927136898041,16.328648782699076
/home/utkarsh/TreeInventorization/data/views/e1XEoq-__QW7yLGWcSu4xw_view5_tree0_box0.jpg,e1XEoq-__QW7yLGWcSu4xw,30.71329685790257,76.79851650131226,30.713398946505695,76.79834334287851,5913.0,3517.0,-30,0.12517906725406647,20.13601378592126
/home/utkarsh/TreeInventorization/data/views/e1XEoq-__QW7yLGWcSu4xw_view9_tree0_box0.jpg,e1XEoq-__QW7yLGWcSu4xw,30.71329685790257,76.79851650131226,30.71343633757868,76.79858295687802,8804.0,3602.0,90,0.15964311361312866,16.854546254277185
/home/utkarsh/TreeInventorization/data/views/5Q0wGaACZS1OeIRLEbGsGA_view0_tree0_box1.jpg,5Q0wGaACZS1OeIRLEbGsGA,30.71339229966824,76.7984161545457,30.713372555990013,76.79856188641197,11663.0,3665.0,-180,0.303977906703949,14.31282858528686
/home/utkarsh/TreeInventorization/data/views/5Q0wGaACZS1OeIRLEbGsGA_view8_tree0_box0.jpg,5Q0wGaACZS1OeIRLEbGsGA,30.71339229966824,76.7984161545457,30.71341079600793,76.7984631820835,10431.0,4169.0,60,0.16476736962795258,5.361064773010885
/home/utkarsh/TreeInventorization/data/views/5Q0wGaACZS1OeIRLEbGsGA_view8_tree0_box1.jpg,5Q0wGaACZS1OeIRLEbGsGA,30.71339229966824,76.7984161545457,30.713847632320963,76.7992021170742,10080.0,3312.0,60,0.13452377915382385,90.65421012905571
/home/utkarsh/TreeInventorization/data/views/5Q0wGaACZS1OeIRLEbGsGA_view9_tree0_box0.jpg,5Q0wGaACZS1OeIRLEbGsGA,30.71339229966824,76.7984161545457,30.71339576875057,76.7984573790935,11132.0,4329.0,90,0.1791386753320694,4.453926881221874
/home/utkarsh/TreeInventorization/data/views/HpuZY3Ftm6muuriJBN_O4g_view11_tree0_box0.jpg,HpuZY3Ftm6muuriJBN_O4g,30.71355244869956,76.79840629591166,30.713590631792755,76.79818301462149,11720.0,3526.0,150,0.5839354991912842,22.00466671328376
/home/utkarsh/TreeInventorization/data/views/HpuZY3Ftm6muuriJBN_O4g_view11_tree0_box2.jpg,HpuZY3Ftm6muuriJBN_O4g,30.71355244869956,76.79840629591166,30.713501065188208,76.79817690850214,10773.0,3513.0,150,0.12186922878026962,22.888674672117745
/home/utkarsh/TreeInventorization/data/views/xTedlHxv69wNLTOCNyznKg_view4_tree0_box0.jpg,xTedlHxv69wNLTOCNyznKg,30.7137565057,76.79824653311714,30.71379260545927,76.79847584599078,5228.0,3483.0,-60,0.1584869921207428,22.35498829481768
/home/utkarsh/TreeInventorization/data/views/xTedlHxv69wNLTOCNyznKg_view8_tree0_box1.jpg,xTedlHxv69wNLTOCNyznKg,30.7137565057,76.79824653311714,30.713658224715925,76.79836601161023,7226.0,3540.0,60,0.23514732718467712,15.886514301874886
/home/utkarsh/TreeInventorization/data/views/xTedlHxv69wNLTOCNyznKg_view9_tree0_box0.jpg,xTedlHxv69wNLTOCNyznKg,30.7137565057,76.79824653311714,30.71362091261586,76.79814517062795,10151.0,3543.0,90,0.2708275318145752,18.05696998345748
/home/utkarsh/TreeInventorization/data/views/xTedlHxv69wNLTOCNyznKg_view10_tree0_box1.jpg,xTedlHxv69wNLTOCNyznKg,30.7137565057,76.79824653311714,30.7137955945906,76.79777718965228,12463.0,3448.0,120,0.11729166656732559,45.29375726939851
/home/utkarsh/TreeInventorization/data/views/S-SMooi6SOOYXoyiK9JL-g_view0_tree0_box1.jpg,S-SMooi6SOOYXoyiK9JL-g,30.71390183408979,76.79790632130485,30.713810013672052,76.79789808984734,1461.0,3658.0,-180,0.13746115565299988,10.342181850355889
/home/utkarsh/TreeInventorization/data/views/S-SMooi6SOOYXoyiK9JL-g_view1_tree0_box0.jpg,S-SMooi6SOOYXoyiK9JL-g,30.71390183408979,76.79790632130485,30.713824428704793,76.79793221931438,702.0,3719.0,-150,0.15222235023975372,9.085528815253358
/home/utkarsh/TreeInventorization/data/views/qwz-qfADBdgvQURhSMwcPA_view10_tree0_box0.jpg,qwz-qfADBdgvQURhSMwcPA,30.71362297793995,76.79833587707431,30.713593400386124,76.79829318573158,9908.0,4106.0,120,0.1711748093366623,5.710168265900149
/home/utkarsh/TreeInventorization/data/views/mJ20e_4MEV5udOiyxz3LrQ_view5_tree0_box0.jpg,mJ20e_4MEV5udOiyxz3LrQ,30.71379322267912,76.79839141993558,30.713848722738952,76.79860232340445,7008.0,3517.0,-30,0.11250274628400803,21.176560706307786
/home/utkarsh/TreeInventorization/data/views/mJ20e_4MEV5udOiyxz3LrQ_view8_tree0_box1.jpg,mJ20e_4MEV5udOiyxz3LrQ,30.71379322267912,76.79839141993558,30.713797879256198,76.79850630974195,7539.0,3693.0,60,0.1017739400267601,11.161530060709559
/home/utkarsh/TreeInventorization/data/views/mJ20e_4MEV5udOiyxz3LrQ_view8_tree0_box2.jpg,mJ20e_4MEV5udOiyxz3LrQ,30.71379322267912,76.79839141993558,30.71375578848631,76.79845929315242,8847.0,3848.0,60,0.10153888911008835,7.953966985633616
/home/utkarsh/TreeInventorization/data/views/IdAaAXOrnsRJigN4m_YLTA_view6_tree0_box0.jpg,IdAaAXOrnsRJigN4m_YLTA,30.71370190327848,76.79825665583472,30.713610537572368,76.79828340153487,7475.0,3723.0,0,0.4056101143360138,10.599258085803918
/home/utkarsh/TreeInventorization/data/views/u7H6vjkEbTtTv8-iXy40sQ_view11_tree0_box1.jpg,u7H6vjkEbTtTv8-iXy40sQ,30.71381149812112,76.79816326273094,30.713801111161757,76.7981266872385,10704.0,4369.0,150,0.1388663798570633,4.27041861721259
/home/utkarsh/TreeInventorization/data/views/xnJzMCuzk4TnnIFY3zqUQg_view4_tree0_box1.jpg,xnJzMCuzk4TnnIFY3zqUQg,30.71375230749327,76.79828940061985,30.713790803550495,76.79848700308008,6036.0,3545.0,-60,0.2035347819328308,19.520257817033134
/home/utkarsh/TreeInventorization/data/views/13y2rW9zs7-Gg458V7LUfw_view4_tree0_box0.jpg,13y2rW9zs7-Gg458V7LUfw,30.71375384480314,76.79805261689913,30.713792752987654,76.79788830200067,5224.0,3575.0,-60,0.1769503355026245,16.42729183098529
/home/utkarsh/TreeInventorization/data/views/13y2rW9zs7-Gg458V7LUfw_view10_tree0_box0.jpg,13y2rW9zs7-Gg458V7LUfw,30.71375384480314,76.79805261689913,30.71382083824471,76.79819388043337,10252.0,3648.0,120,0.2297254353761673,15.612987949967419
/home/utkarsh/TreeInventorization/data/views/k4PljO9R6zTtdyyMTWK22w_view1_tree0_box2.jpg,k4PljO9R6zTtdyyMTWK22w,30.71387985079684,76.79787938599621,30.713798186408535,76.7978939323978,2344.0,3792.0,-150,0.21222390234470367,9.40509165544545
/home/utkarsh/TreeInventorization/data/views/k4PljO9R6zTtdyyMTWK22w_view2_tree0_box2.jpg,k4PljO9R6zTtdyyMTWK22w,30.71387985079684,76.79787938599621,30.713797116248706,76.79793768281965,1511.0,3731.0,-120,0.23229363560676575,10.960387553705187
/home/utkarsh/TreeInventorization/data/views/RrLQ4s1Hdxcw4mtvbIzixg_view1_tree0_box0.jpg,RrLQ4s1Hdxcw4mtvbIzixg,30.71377605386817,76.79843129458936,30.713742109673188,76.79848065133247,2638.0,4035.0,-150,0.22306881844997406,6.385034767575058
/home/utkarsh/TreeInventorization/data/views/RrLQ4s1Hdxcw4mtvbIzixg_view4_tree0_box0.jpg,RrLQ4s1Hdxcw4mtvbIzixg,30.71377605386817,76.79843129458936,30.71363490411451,76.79841909661002,4698.0,3538.0,-60,0.1080467700958252,15.771151411309338
/home/utkarsh/TreeInventorization/data/views/RrLQ4s1Hdxcw4mtvbIzixg_view7_tree0_box1.jpg,RrLQ4s1Hdxcw4mtvbIzixg,30.71377605386817,76.79843129458936,30.713643062355814,76.79820306791211,6610.0,3425.0,30,0.304191529750824,26.404589568655886
/home/utkarsh/TreeInventorization/data/views/RrLQ4s1Hdxcw4mtvbIzixg_view7_tree0_box2.jpg,RrLQ4s1Hdxcw4mtvbIzixg,30.71377605386817,76.79843129458936,30.713790211328682,76.79833704810845,8231.0,3744.0,30,0.13339614868164062,9.354901404523595
/home/utkarsh/TreeInventorization/data/views/ipnkkAOncs8eGMzmFhLW2A_view1_tree0_box0.jpg,ipnkkAOncs8eGMzmFhLW2A,30.71367351428758,76.79813491909842,30.71364995815241,76.79816505344854,12901.0,4349.0,-150,0.13038212060928345,4.403672187189701
/home/utkarsh/TreeInventorization/data/views/d4L1S-CBw-VJwXK0Zz5tdg_view5_tree0_box0.jpg,d4L1S-CBw-VJwXK0Zz5tdg,30.71387689042738,76.79809398806492,30.71382236716158,76.79821287756339,5697.0,3625.0,-30,0.6347893476486206,12.988667276491839
/home/utkarsh/TreeInventorization/data/views/WaOei5q9WqJaSPM2AaGjSw_view1_tree0_box1.jpg,WaOei5q9WqJaSPM2AaGjSw,30.71360532004824,76.79820542607298,30.713423412587076,76.79831477966655,354.0,3484.0,-150,0.15230213105678558,22.781639765319174
/home/utkarsh/TreeInventorization/data/views/jeKoGw0mE98qsnl9tHBQUw_view0_tree0_box0.jpg,jeKoGw0mE98qsnl9tHBQUw,30.71423624648018,76.79758045649389,30.71422760568659,76.79764016742187,11659.0,4052.0,-180,0.108368419110775,6.161717018043837
/home/utkarsh/TreeInventorization/data/views/jeKoGw0mE98qsnl9tHBQUw_view1_tree0_box0.jpg,jeKoGw0mE98qsnl9tHBQUw,30.71423624648018,76.79758045649389,30.714198892062505,76.79757648761455,1512.0,4247.0,-150,0.19291533529758453,4.591907902811043
/home/utkarsh/TreeInventorization/data/views/jeKoGw0mE98qsnl9tHBQUw_view4_tree0_box1.jpg,jeKoGw0mE98qsnl9tHBQUw,30.71423624648018,76.79758045649389,30.714232151284186,76.79753272466361,4435.0,4161.0,-60,0.10200425237417221,4.970864427304461
/home/utkarsh/TreeInventorization/data/views/jeKoGw0mE98qsnl9tHBQUw_view9_tree0_box1.jpg,jeKoGw0mE98qsnl9tHBQUw,30.71423624648018,76.79758045649389,30.714406423818183,76.7976222263653,8420.0,3567.0,90,0.11277226358652115,19.402756641681627
/home/utkarsh/TreeInventorization/data/views/AYCbwSKubTlIsns6efc5YQ_view5_tree0_box0.jpg,AYCbwSKubTlIsns6efc5YQ,30.71407842991947,76.79788053030683,30.714074803530018,76.79791186895777,4921.0,4436.0,-30,0.26465001702308655,3.4520146673240024
/home/utkarsh/TreeInventorization/data/views/SG8qH4hwY9H3y2oRK1C7Cg_view1_tree0_box1.jpg,SG8qH4hwY9H3y2oRK1C7Cg,30.71407251782501,76.79774118840609,30.713875354735947,76.79788288770447,105.0,3476.0,-150,0.1528967171907425,25.79013710331818
/home/utkarsh/TreeInventorization/data/views/SG8qH4hwY9H3y2oRK1C7Cg_view4_tree0_box0.jpg,SG8qH4hwY9H3y2oRK1C7Cg,30.71407251782501,76.79774118840609,30.714062848076445,76.79765600340633,4331.0,3702.0,-60,0.1107792928814888,8.37689096174872
/home/utkarsh/TreeInventorization/data/views/Dey6EGwY4TdqNCUUTUN1ug_view4_tree0_box0.jpg,Dey6EGwY4TdqNCUUTUN1ug,30.71402127994666,76.79794954101995,30.713898788654905,76.79812930210322,6027.0,3507.0,-60,0.1104663610458374,21.986510871936996
/home/utkarsh/TreeInventorization/data/views/EV0W6MQZee9TmafF9AdHvA_view0_tree0_box3.jpg,EV0W6MQZee9TmafF9AdHvA,30.71402112553551,76.79779083392744,30.713846832757117,76.79787158582734,477.0,3515.0,-180,0.12423147261142731,20.894134394980256
/home/utkarsh/TreeInventorization/data/views/EV0W6MQZee9TmafF9AdHvA_view1_tree0_box2.jpg,EV0W6MQZee9TmafF9AdHvA,30.71402112553551,76.79779083392744,30.713827179348684,76.79791890070898,185.0,3490.0,-150,0.15307189524173737,24.82470631077977
/home/utkarsh/TreeInventorization/data/views/EV0W6MQZee9TmafF9AdHvA_view3_tree0_box0.jpg,EV0W6MQZee9TmafF9AdHvA,30.71402112553551,76.79779083392744,30.71398299449437,76.79771496013689,3495.0,3776.0,-90,0.20163270831108093,8.616106322137025
/home/utkarsh/TreeInventorization/data/views/EV0W6MQZee9TmafF9AdHvA_view3_tree0_box1.jpg,EV0W6MQZee9TmafF9AdHvA,30.71402112553551,76.79779083392744,30.714015098055665,76.79768021578913,4476.0,3680.0,-90,0.15494206547737122,10.782027650080998
/home/utkarsh/TreeInventorization/data/views/EV0W6MQZee9TmafF9AdHvA_view10_tree0_box0.jpg,EV0W6MQZee9TmafF9AdHvA,30.71402112553551,76.79779083392744,30.714077958421466,76.79793451608906,10356.0,3654.0,120,0.12638944387435913,15.298265892027263
/home/utkarsh/TreeInventorization/data/views/0eUfDlPBqiqFkx0YstAsdQ_view3_tree0_box0.jpg,0eUfDlPBqiqFkx0YstAsdQ,30.71393462090384,76.79802392114628,30.713972841747097,76.79803231229786,1675.0,4162.0,-90,0.2828121483325958,4.666084092808821
/home/utkarsh/TreeInventorization/data/views/osgOcYwmlzQ-wj8t9KdzJA_view0_tree0_box2.jpg,osgOcYwmlzQ-wj8t9KdzJA,30.71394299880827,76.79786609438752,30.713820529140378,76.79792829444995,414.0,3580.0,-180,0.10829278826713562,14.929611056551494
/home/utkarsh/TreeInventorization/data/views/osgOcYwmlzQ-wj8t9KdzJA_view4_tree0_box0.jpg,osgOcYwmlzQ-wj8t9KdzJA,30.71394299880827,76.79786609438752,30.713907509368422,76.79777597138354,3708.0,3654.0,-60,0.11371428519487381,9.632440288328004
/home/utkarsh/TreeInventorization/data/views/osgOcYwmlzQ-wj8t9KdzJA_view8_tree0_box0.jpg,osgOcYwmlzQ-wj8t9KdzJA,30.71394299880827,76.79786609438752,30.714056601477786,76.79792983697939,8893.0,3650.0,60,0.26260483264923096,14.132439373038178
/home/utkarsh/TreeInventorization/data/views/Br1UEA14pYTcfS2QaLsNyg_view9_tree0_box0.jpg,Br1UEA14pYTcfS2QaLsNyg,30.71416906861897,76.79764744281984,30.71422250719659,76.79780824704275,10504.0,3589.0,90,0.26243090629577637,16.634734995286788
/home/utkarsh/TreeInventorization/data/views/aD3QRlaqTLRwp0s_z-I2uw_view1_tree0_box0.jpg,aD3QRlaqTLRwp0s_z-I2uw,30.71392136906433,76.79780412554416,30.713760561790977,76.79772189444151,13004.0,3498.0,-150,0.30310189723968506,19.557562981456257
/home/utkarsh/TreeInventorization/data/views/aD3QRlaqTLRwp0s_z-I2uw_view1_tree0_box1.jpg,aD3QRlaqTLRwp0s_z-I2uw,30.71392136906433,76.79780412554416,30.713902778097005,76.79776329674513,1111.0,4046.0,-150,0.20542007684707642,4.6926351655873155
/home/utkarsh/TreeInventorization/data/views/aD3QRlaqTLRwp0s_z-I2uw_view6_tree0_box0.jpg,aD3QRlaqTLRwp0s_z-I2uw,30.71392136906433,76.79780412554416,30.714046687303647,76.79791353557574,6835.0,3543.0,0,0.1498807668685913,17.4894800661279
/home/utkarsh/TreeInventorization/data/views/JjjC_lVSuhZPj8a_6b0xSg_view10_tree0_box0.jpg,JjjC_lVSuhZPj8a_6b0xSg,30.71414658681376,76.79766918476021,30.71421307702118,76.79779740913119,10132.0,3618.0,120,0.1804654896259308,14.443283396540153
/home/utkarsh/TreeInventorization/data/views/JjjC_lVSuhZPj8a_6b0xSg_view11_tree0_box0.jpg,JjjC_lVSuhZPj8a_6b0xSg,30.71414658681376,76.79766918476021,30.714156870541434,76.79770355756929,10575.0,4321.0,150,0.2243306040763855,3.8895493806802532
/home/utkarsh/TreeInventorization/data/views/1pN8Q1CuK-MxLugnm8k5MA_view0_tree0_box0.jpg,1pN8Q1CuK-MxLugnm8k5MA,30.71416157521026,76.79781134350762,30.714181881715618,76.79768618767713,11663.0,3691.0,-180,0.2502162456512451,12.406598505154601
/home/utkarsh/TreeInventorization/data/views/1pN8Q1CuK-MxLugnm8k5MA_view4_tree0_box0.jpg,1pN8Q1CuK-MxLugnm8k5MA,30.71416157521026,76.79781134350762,30.714084595115917,76.7979370562899,5928.0,3593.0,-60,0.291009783744812,14.864861030015645
/home/utkarsh/TreeInventorization/data/views/Nvfs6HSYXx-jJYzCBksDpQ_view9_tree0_box1.jpg,Nvfs6HSYXx-jJYzCBksDpQ,30.71422834519222,76.79774541355762,30.71426827498033,76.79746665613028,11630.0,3494.0,90,0.21683789789676666,27.168792661312946
/home/utkarsh/TreeInventorization/data/views/UFKUEUmCjBH2ULx1EjyEbA_view3_tree0_box0.jpg,UFKUEUmCjBH2ULx1EjyEbA,30.71409434683568,76.7977197985743,30.714091177742212,76.79760359712303,4545.0,3680.0,-90,0.15394456684589386,11.31599899072834
/home/utkarsh/TreeInventorization/data/views/UFKUEUmCjBH2ULx1EjyEbA_view7_tree0_box0.jpg,UFKUEUmCjBH2ULx1EjyEbA,30.71409434683568,76.7977197985743,30.71419306940493,76.79758692384188,6114.0,3566.0,30,0.25451257824897766,16.915673227969634
/home/utkarsh/TreeInventorization/data/views/UFKUEUmCjBH2ULx1EjyEbA_view11_tree0_box2.jpg,UFKUEUmCjBH2ULx1EjyEbA,30.71409434683568,76.7977197985743,30.713841660697273,76.79790281801765,99.0,3444.0,150,0.14195102453231812,33.08427113256518
/home/utkarsh/TreeInventorization/data/views/oiV6NqKVIVs5I4Dx4ZaugQ_view5_tree0_box0.jpg,oiV6NqKVIVs5I4Dx4ZaugQ,30.71421427700347,76.79760299066275,30.71422884625016,76.79754700950059,5256.0,3920.0,-30,0.5157323479652405,5.814773443347945
/home/utkarsh/TreeInventorization/data/views/iHvLISBTArkpxnp6epDDNg_view0_tree0_box1.jpg,iHvLISBTArkpxnp6epDDNg,30.71438636586466,76.7975869702775,30.714404296377502,76.79750345850105,11813.0,3882.0,-180,0.12121329456567764,8.552536248373894
/home/utkarsh/TreeInventorization/data/views/gLIyqpfPWXQLgLmRMxuWEQ_view8_tree0_box0.jpg,gLIyqpfPWXQLgLmRMxuWEQ,30.71459017294721,76.79721911701891,30.71488463385945,76.79736483537621,8851.0,3540.0,60,0.2912386655807495,35.685753438888405
/home/utkarsh/TreeInventorization/data/views/hPYU-5te4sBNLQCPBZQPKg_view2_tree0_box0.jpg,hPYU-5te4sBNLQCPBZQPKg,30.71437041146523,76.79744296276597,30.714350373839206,76.7974231143267,2869.0,4574.0,-120,0.14689233899116516,3.533108147389003
/home/utkarsh/TreeInventorization/data/views/hPYU-5te4sBNLQCPBZQPKg_view11_tree0_box0.jpg,hPYU-5te4sBNLQCPBZQPKg,30.71437041146523,76.79744296276597,30.71424100334507,76.79752694842794,273.0,3565.0,150,0.1827230006456375,16.53854492797757
/home/utkarsh/TreeInventorization/data/views/o9BS1K9nUg1vNFtXk4WrfQ_view1_tree0_box0.jpg,o9BS1K9nUg1vNFtXk4WrfQ,30.71458985241758,76.79737738471812,30.71476130813536,76.79727684492845,332.0,3579.0,-150,0.15606167912483215,21.492687632245268
/home/utkarsh/TreeInventorization/data/views/o9BS1K9nUg1vNFtXk4WrfQ_view9_tree0_box0.jpg,o9BS1K9nUg1vNFtXk4WrfQ,30.71458985241758,76.79737738471812,30.714554415388218,76.79727017433358,10547.0,3662.0,90,0.12825645506381989,11.19816409110203
/home/utkarsh/TreeInventorization/data/views/Vt5JbJh-_y6xK2QCci2MfA_view11_tree0_box0.jpg,Vt5JbJh-_y6xK2QCci2MfA,30.71455178333411,76.79725784773139,30.71456049217203,76.79728440706303,10554.0,4270.0,150,0.10600642114877701,3.0114375202722767
/home/utkarsh/TreeInventorization/data/views/BlktdcwYqhBJ7YmGOuYiog_view0_tree0_box1.jpg,BlktdcwYqhBJ7YmGOuYiog,30.71429149726698,76.79767112128913,30.714399861095863,76.79762605222157,559.0,3662.0,-180,0.14352698624134064,12.924549763672024
/home/utkarsh/TreeInventorization/data/views/BlktdcwYqhBJ7YmGOuYiog_view7_tree0_box0.jpg,BlktdcwYqhBJ7YmGOuYiog,30.71429149726698,76.79767112128913,30.71408413755209,76.79747085735151,9424.0,3385.0,30,0.40806251764297485,29.965329483240144
/home/utkarsh/TreeInventorization/data/views/BlktdcwYqhBJ7YmGOuYiog_view7_tree0_box1.jpg,BlktdcwYqhBJ7YmGOuYiog,30.71429149726698,76.79767112128913,30.71426334822324,76.79764439496286,9411.0,4160.0,30,0.2061963528394699,4.391133729846698
/home/utkarsh/TreeInventorization/data/views/BlktdcwYqhBJ7YmGOuYiog_view10_tree0_box0.jpg,BlktdcwYqhBJ7YmGOuYiog,30.71429149726698,76.79767112128913,30.71424316068204,76.79756171608626,10277.0,3627.0,120,0.37393343448638916,11.912509607685141
/home/utkarsh/TreeInventorization/data/views/McjkXdmSxnJiG1xStPVpJA_view5_tree0_box0.jpg,McjkXdmSxnJiG1xStPVpJA,30.71434806577615,76.7974660251048,30.71434657674634,76.79743644461165,4556.0,4356.0,-30,0.46653586626052856,3.2260894112473566
/home/utkarsh/TreeInventorization/data/views/McjkXdmSxnJiG1xStPVpJA_view11_tree0_box1.jpg,McjkXdmSxnJiG1xStPVpJA,30.71434806577615,76.7974660251048,30.71424832136727,76.79752412584129,364.0,3610.0,150,0.11810142546892166,12.48183267543857
/home/utkarsh/TreeInventorization/data/views/vqg1blqCjtQ_5aql5KSiEA_view1_tree0_box0.jpg,vqg1blqCjtQ_5aql5KSiEA,30.71428097423336,76.79753468395086,30.714241497309835,76.79753370790658,1399.0,4065.0,-150,0.7806221842765808,4.66237434778041
/home/utkarsh/TreeInventorization/data/views/vqg1blqCjtQ_5aql5KSiEA_view5_tree0_box0.jpg,vqg1blqCjtQ_5aql5KSiEA,30.71428097423336,76.79753468395086,30.71436021034732,76.79736246939274,5705.0,3474.0,-30,0.10971923917531967,18.752039503044976
/home/utkarsh/TreeInventorization/data/views/vqg1blqCjtQ_5aql5KSiEA_view11_tree0_box0.jpg,vqg1blqCjtQ_5aql5KSiEA,30.71428097423336,76.79753468395086,30.714187543230448,76.79758755412522,383.0,3633.0,150,0.10983936488628387,11.644204441255617
/home/utkarsh/TreeInventorization/data/views/UvBbJwTOQSCwK5FrdfSF6Q_view3_tree0_box0.jpg,UvBbJwTOQSCwK5FrdfSF6Q,30.7145217864203,76.79744745200018,30.71456482853133,76.79754225234358,3646.0,3847.0,-90,0.1134435161948204,10.547472643123193
/home/utkarsh/TreeInventorization/data/views/UvBbJwTOQSCwK5FrdfSF6Q_view5_tree0_box0.jpg,UvBbJwTOQSCwK5FrdfSF6Q,30.7145217864203,76.79744745200018,30.714487020413134,76.79755346795746,5445.0,3801.0,-30,0.15962687134742737,11.10696888505635
/home/utkarsh/TreeInventorization/data/views/UvBbJwTOQSCwK5FrdfSF6Q_view11_tree0_box0.jpg,UvBbJwTOQSCwK5FrdfSF6Q,30.7145217864203,76.79744745200018,30.71486468251675,76.79719244188762,136.0,3453.0,150,0.11488884687423706,45.29375726939851
/home/utkarsh/TreeInventorization/data/views/IjD4p9LPqq5btaWET3ivYA_view10_tree0_box0.jpg,IjD4p9LPqq5btaWET3ivYA,30.71441540201888,76.79739639795434,30.714493774472924,76.7975390332192,10129.0,3654.0,120,0.12160138040781021,16.361557942127423
/home/utkarsh/TreeInventorization/data/views/FmEZfvLzQOTmF7cz7jjgJQ_view7_tree0_box0.jpg,FmEZfvLzQOTmF7cz7jjgJQ,30.71444340199584,76.79752104020882,30.714325908652146,76.79747815569945,8637.0,3601.0,30,0.2373732626438141,13.78777378836404
/home/utkarsh/TreeInventorization/data/views/FmEZfvLzQOTmF7cz7jjgJQ_view11_tree0_box0.jpg,FmEZfvLzQOTmF7cz7jjgJQ,30.71444340199584,76.79752104020882,30.71444444690059,76.79735411426591,11327.0,3545.0,150,0.21240642666816711,16.114765757701235
/home/utkarsh/TreeInventorization/data/views/UXY0rpamKYn7Nl9bLhl2Vg_view3_tree0_box0.jpg,UXY0rpamKYn7Nl9bLhl2Vg,30.71444554530217,76.79736541341975,30.714448612712776,76.79731109461142,4806.0,3962.0,-90,0.23778311908245087,5.470875567651453
/home/utkarsh/TreeInventorization/data/views/UXY0rpamKYn7Nl9bLhl2Vg_view9_tree0_box0.jpg,UXY0rpamKYn7Nl9bLhl2Vg,30.71444554530217,76.79736541341975,30.714513855747416,76.79762322647002,10698.0,3632.0,90,0.2194051891565323,26.064786088172358
/home/utkarsh/TreeInventorization/data/views/UXY0rpamKYn7Nl9bLhl2Vg_view11_tree0_box1.jpg,UXY0rpamKYn7Nl9bLhl2Vg,30.71444554530217,76.79736541341975,30.71446066815463,76.79741106359036,10554.0,4301.0,150,0.1505076289176941,5.1996509714363475
/home/utkarsh/TreeInventorization/data/views/u4rVZCQkudwaQ8lRb5GXTg_view0_tree0_box0.jpg,u4rVZCQkudwaQ8lRb5GXTg,30.71430335622776,76.79751197372134,30.714234257063374,76.7975326584982,815.0,3826.0,-180,0.7495561838150024,8.13660861936116
/home/utkarsh/TreeInventorization/data/views/u4rVZCQkudwaQ8lRb5GXTg_view4_tree0_box0.jpg,u4rVZCQkudwaQ8lRb5GXTg,30.71430335622776,76.79751197372134,30.71442762251651,76.79731782268088,6023.0,3462.0,-60,0.15144622325897217,23.203341219396297
/home/utkarsh/TreeInventorization/data/views/kFnNxJw9CfuqobWlDD_9Hw_view3_tree0_box1.jpg,kFnNxJw9CfuqobWlDD_9Hw,30.71481153360401,76.79699157384006,30.714607424823114,76.79674140077631,3070.0,3202.0,-90,0.10316093266010284,32.98756332644949
/home/utkarsh/TreeInventorization/data/views/kFnNxJw9CfuqobWlDD_9Hw_view4_tree0_box0.jpg,kFnNxJw9CfuqobWlDD_9Hw,30.71481153360401,76.79699157384006,30.714819608279658,76.79695490947383,5188.0,4302.0,-60,0.24233298003673553,4.0735595001780736
/home/utkarsh/TreeInventorization/data/views/kFnNxJw9CfuqobWlDD_9Hw_view4_tree0_box1.jpg,kFnNxJw9CfuqobWlDD_9Hw,30.71481153360401,76.79699157384006,30.71475886479204,76.79690523142233,3372.0,3646.0,-60,0.16041137278079987,10.27226140090652
/home/utkarsh/TreeInventorization/data/views/kFnNxJw9CfuqobWlDD_9Hw_view5_tree0_box1.jpg,kFnNxJw9CfuqobWlDD_9Hw,30.71481153360401,76.79699157384006,30.714802855467557,76.79695112559507,4153.0,4211.0,-30,0.10830457508563995,4.403915525997075
/home/utkarsh/TreeInventorization/data/views/kFnNxJw9CfuqobWlDD_9Hw_view8_tree0_box0.jpg,kFnNxJw9CfuqobWlDD_9Hw,30.71481153360401,76.79699157384006,30.714895702936605,76.79711850994045,9942.0,3702.0,60,0.15307825803756714,15.518498075956142
/home/utkarsh/TreeInventorization/data/views/kFnNxJw9CfuqobWlDD_9Hw_view11_tree0_box0.jpg,kFnNxJw9CfuqobWlDD_9Hw,30.71481153360401,76.79699157384006,30.714684901782167,76.79707807222022,220.0,3520.0,150,0.16941723227500916,16.36924623762277
/home/utkarsh/TreeInventorization/data/views/-DIpg5KWdlPMvRHolHo3Gg_view0_tree0_box0.jpg,-DIpg5KWdlPMvRHolHo3Gg,30.7147286407419,76.79723795423057,30.71478699214852,76.79692870994676,11730.0,3508.0,-180,0.11365824937820435,30.550874522500933
/home/utkarsh/TreeInventorization/data/views/-DIpg5KWdlPMvRHolHo3Gg_view4_tree0_box0.jpg,-DIpg5KWdlPMvRHolHo3Gg,30.7147286407419,76.79723795423057,30.714455297769465,76.79761781408286,6094.0,3417.0,-60,0.3055489957332611,47.35986418360261
/home/utkarsh/TreeInventorization/data/views/-DIpg5KWdlPMvRHolHo3Gg_view5_tree0_box0.jpg,-DIpg5KWdlPMvRHolHo3Gg,30.7147286407419,76.79723795423057,30.71463647663611,76.79740972097689,5804.0,3595.0,-30,0.23128852248191833,19.455538953501534
/home/utkarsh/TreeInventorization/data/views/-DIpg5KWdlPMvRHolHo3Gg_view9_tree0_box0.jpg,-DIpg5KWdlPMvRHolHo3Gg,30.7147286407419,76.79723795423057,30.71465427493495,76.79716264925472,9482.0,3665.0,90,0.5031256079673767,11.150794327522895
/home/utkarsh/TreeInventorization/data/views/VLp30JlYvVAwZi4yKrTokw_view0_tree0_box0.jpg,VLp30JlYvVAwZi4yKrTokw,30.71475800240898,76.79704720532486,30.714688715513805,76.79708387443736,434.0,3603.0,-180,0.5074543356895447,8.517499402635085
/home/utkarsh/TreeInventorization/data/views/VLp30JlYvVAwZi4yKrTokw_view6_tree0_box0.jpg,VLp30JlYvVAwZi4yKrTokw,30.71475800240898,76.79704720532486,30.714941867565678,76.796351066884,5299.0,3313.0,0,0.11309025436639786,69.7324094147725
/home/utkarsh/TreeInventorization/data/views/VLp30JlYvVAwZi4yKrTokw_view9_tree0_box0.jpg,VLp30JlYvVAwZi4yKrTokw,30.71475800240898,76.79704720532486,30.714876978487748,76.79711185203199,8928.0,3633.0,90,0.23002351820468903,14.724682446452567
/home/utkarsh/TreeInventorization/data/views/x174xWo8GCGaBJs2AP3xmg_view2_tree0_box0.jpg,x174xWo8GCGaBJs2AP3xmg,30.71465835204519,76.7971493136817,30.714638925941856,76.79714225655425,1989.0,4492.0,-120,0.12689733505249023,2.6462581392385927
/home/utkarsh/TreeInventorization/data/views/x174xWo8GCGaBJs2AP3xmg_view8_tree0_box0.jpg,x174xWo8GCGaBJs2AP3xmg,30.71465835204519,76.7971493136817,30.714831698645344,76.79740732845242,9923.0,3344.0,60,0.11491513252258301,31.309439951743684
/home/utkarsh/TreeInventorization/data/views/IrJE1tzLPdY93nynpzltXg_view1_tree0_box1.jpg,IrJE1tzLPdY93nynpzltXg,30.71468872636599,76.7971180650124,30.714658625328067,76.79711965100502,1251.0,3890.0,-150,0.11956647783517838,3.4662856523994146
/home/utkarsh/TreeInventorization/data/views/noupRuLEvUW3CiAzLjuhcQ_view11_tree0_box0.jpg,noupRuLEvUW3CiAzLjuhcQ,30.71480778626607,76.79716005265921,30.714787771203014,76.79698936379108,10988.0,3619.0,150,0.22851359844207764,16.790844952776734
/home/utkarsh/TreeInventorization/data/views/noupRuLEvUW3CiAzLjuhcQ_view11_tree0_box1.jpg,noupRuLEvUW3CiAzLjuhcQ,30.71480778626607,76.79716005265921,30.715046310101265,76.79700555646482,198.0,3504.0,150,0.1033252477645874,30.47857654742915
/home/utkarsh/TreeInventorization/data/views/JnJbv4jamqgVWwaZ1I9baQ_view0_tree0_box0.jpg,JnJbv4jamqgVWwaZ1I9baQ,30.7147346776857,76.7970707958837,30.714669325838805,76.79710127117889,528.0,3679.0,-180,0.12642768025398254,7.9177009511340914
/home/utkarsh/TreeInventorization/data/views/JnJbv4jamqgVWwaZ1I9baQ_view2_tree0_box0.jpg,JnJbv4jamqgVWwaZ1I9baQ,30.7147346776857,76.7970707958837,30.71450852118139,76.79682180674153,2951.0,3396.0,-120,0.1728087067604065,34.62232684503232
/home/utkarsh/TreeInventorization/data/views/JnJbv4jamqgVWwaZ1I9baQ_view7_tree0_box0.jpg,JnJbv4jamqgVWwaZ1I9baQ,30.7147346776857,76.7970707958837,30.714928129733067,76.79713586463643,8595.0,3603.0,30,0.4274046719074249,22.531181641464844
/home/utkarsh/TreeInventorization/data/views/jLoD9tKVyXhhJxy4-2RT5w_view4_tree0_box0.jpg,jLoD9tKVyXhhJxy4-2RT5w,30.71462048838281,76.79718813244027,30.714842906225517,76.79686427607244,6091.0,3423.0,-60,0.10023202002048492,39.66048831122408
/home/utkarsh/TreeInventorization/data/views/jLoD9tKVyXhhJxy4-2RT5w_view7_tree0_box0.jpg,jLoD9tKVyXhhJxy4-2RT5w,30.71462048838281,76.79718813244027,30.714781473945944,76.79695886533086,6114.0,3447.0,30,0.2854771614074707,28.336615854922805
/home/utkarsh/TreeInventorization/data/views/LKqDaBqmRAsjRKeLW7-kZA_view10_tree0_box1.jpg,LKqDaBqmRAsjRKeLW7-kZA,30.71495719362593,76.7968419320647,30.71499953505572,76.79688811488593,9585.0,4046.0,120,0.11215513199567795,6.810807481770129
/home/utkarsh/TreeInventorization/data/views/LKqDaBqmRAsjRKeLW7-kZA_view11_tree0_box0.jpg,LKqDaBqmRAsjRKeLW7-kZA,30.71495719362593,76.7968419320647,30.714973268554427,76.79689144881073,10554.0,4204.0,150,0.10511989146471024,5.492299327666766
/home/utkarsh/TreeInventorization/data/views/cASz_DdOe0EUXZXyAHQUoA_view3_tree0_box1.jpg,cASz_DdOe0EUXZXyAHQUoA,30.71487664520184,76.79709183372903,30.714897366551863,76.79712497601439,3263.0,4376.0,-90,0.18352852761745453,4.361668888269525
/home/utkarsh/TreeInventorization/data/views/cASz_DdOe0EUXZXyAHQUoA_view5_tree0_box1.jpg,cASz_DdOe0EUXZXyAHQUoA,30.71487664520184,76.79709183372903,30.71476807696169,76.79730816086253,5738.0,3543.0,-30,0.10856439173221588,24.010380043325238
/home/utkarsh/TreeInventorization/data/views/cASz_DdOe0EUXZXyAHQUoA_view10_tree0_box0.jpg,cASz_DdOe0EUXZXyAHQUoA,30.71487664520184,76.79709183372903,30.714802911060566,76.79697860484048,9917.0,3691.0,120,0.2537444233894348,13.890842131308228
/home/utkarsh/TreeInventorization/data/views/cASz_DdOe0EUXZXyAHQUoA_view10_tree0_box1.jpg,cASz_DdOe0EUXZXyAHQUoA,30.71487664520184,76.79709183372903,30.714865934374153,76.7968969809887,11140.0,3593.0,120,0.24729959666728973,18.986307017773154
/home/utkarsh/TreeInventorization/data/views/q3BFoWZAqoofCDFWkchUUg_view1_tree0_box0.jpg,q3BFoWZAqoofCDFWkchUUg,30.71491136040911,76.79688867313264,30.71481509345795,76.7969380515671,465.0,3635.0,-150,0.45880594849586487,11.793923248004493
/home/utkarsh/TreeInventorization/data/views/q3BFoWZAqoofCDFWkchUUg_view4_tree0_box0.jpg,q3BFoWZAqoofCDFWkchUUg,30.71491136040911,76.79688867313264,30.71495488419812,76.79677325301455,5537.0,3590.0,-60,0.4133642017841339,12.185289861246622
/home/utkarsh/TreeInventorization/data/views/q3BFoWZAqoofCDFWkchUUg_view9_tree0_box0.jpg,q3BFoWZAqoofCDFWkchUUg,30.71491136040911,76.79688867313264,30.71504409200087,76.79695057433264,8804.0,3622.0,90,0.29791975021362305,15.987547433508215
/home/utkarsh/TreeInventorization/data/views/9ybigOFCxdi-6ToiaMczdA_view9_tree0_box0.jpg,9ybigOFCxdi-6ToiaMczdA,30.71483508042402,76.79696763116807,30.714883011982064,76.79708352701657,10382.0,3696.0,90,0.21004919707775116,12.468513769314146
/home/utkarsh/TreeInventorization/data/views/5x9aUSi5QMLG64XKKiNa5A_view0_tree0_box0.jpg,5x9aUSi5QMLG64XKKiNa5A,30.71494423465917,76.79702467105552,30.71502708570419,76.79671426580482,11915.0,3499.0,-180,0.14101868867874146,31.374542040196697
/home/utkarsh/TreeInventorization/data/views/5x9aUSi5QMLG64XKKiNa5A_view1_tree0_box0.jpg,5x9aUSi5QMLG64XKKiNa5A,30.71494423465917,76.79702467105552,30.715373130308258,76.79680595773524,417.0,3384.0,-150,0.2081710696220398,52.01534644249216
/home/utkarsh/TreeInventorization/data/views/5x9aUSi5QMLG64XKKiNa5A_view6_tree0_box0.jpg,5x9aUSi5QMLG64XKKiNa5A,30.71494423465917,76.79702467105552,30.71490156273379,76.79712488733871,5606.0,3725.0,0,0.167221799492836,10.814414690772743
/home/utkarsh/TreeInventorization/data/views/5x9aUSi5QMLG64XKKiNa5A_view8_tree0_box0.jpg,5x9aUSi5QMLG64XKKiNa5A,30.71494423465917,76.79702467105552,30.71487805048939,76.79689882584077,10135.0,3682.0,60,0.310769259929657,14.429277949857351
/home/utkarsh/TreeInventorization/data/views/5x9aUSi5QMLG64XKKiNa5A_view9_tree0_box1.jpg,5x9aUSi5QMLG64XKKiNa5A,30.71494423465917,76.79702467105552,30.714809351842195,76.79696406790889,8755.0,3632.0,90,0.25183558464050293,16.25677721658371
/home/utkarsh/TreeInventorization/data/views/5x9aUSi5QMLG64XKKiNa5A_view10_tree0_box0.jpg,5x9aUSi5QMLG64XKKiNa5A,30.71494423465917,76.79702467105552,30.714946352320304,76.79682470794695,11309.0,3596.0,120,0.4837520122528076,19.455538953501534
/home/utkarsh/TreeInventorization/data/views/5x9aUSi5QMLG64XKKiNa5A_view10_tree0_box1.jpg,5x9aUSi5QMLG64XKKiNa5A,30.71494423465917,76.79702467105552,30.715087967046657,76.79667778755187,12227.0,3464.0,120,0.17372843623161316,37.067833782111514
/home/utkarsh/TreeInventorization/data/views/pZJ2FrgqxyAvtt_Q40sjsQ_view1_tree0_box0.jpg,pZJ2FrgqxyAvtt_Q40sjsQ,30.71465879781335,76.79730749344525,30.714760483903117,76.79728548004674,905.0,3776.0,-150,0.6299120187759399,11.73101331265578
/home/utkarsh/TreeInventorization/data/views/pZJ2FrgqxyAvtt_Q40sjsQ_view5_tree0_box0.jpg,pZJ2FrgqxyAvtt_Q40sjsQ,30.71465879781335,76.79730749344525,30.71451292845743,76.79755836822152,5897.0,3484.0,-30,0.2608396112918854,29.00512235876314
/home/utkarsh/TreeInventorization/data/views/pZJ2FrgqxyAvtt_Q40sjsQ_view7_tree0_box0.jpg,pZJ2FrgqxyAvtt_Q40sjsQ,30.71465879781335,76.79730749344525,30.714574364411938,76.7972404448199,9249.0,3656.0,30,0.264238566160202,11.533229800103996
/home/utkarsh/TreeInventorization/data/views/pZJ2FrgqxyAvtt_Q40sjsQ_view11_tree0_box0.jpg,pZJ2FrgqxyAvtt_Q40sjsQ,30.71465879781335,76.79730749344525,30.7148491829846,76.79719126946834,276.0,3542.0,150,0.17538121342658997,24.010380043325238
/home/utkarsh/TreeInventorization/data/views/wchkhpBqQg5-IHYSdcQr-Q_view3_tree0_box0.jpg,wchkhpBqQg5-IHYSdcQr-Q,30.71506447763494,76.79673366172702,30.715048817146076,76.79659228451132,4383.0,3590.0,-90,0.18095536530017853,13.755113910305186
/home/utkarsh/TreeInventorization/data/views/wchkhpBqQg5-IHYSdcQr-Q_view5_tree0_box0.jpg,wchkhpBqQg5-IHYSdcQr-Q,30.71506447763494,76.79673366172702,30.715383005210956,76.79659202319783,7205.0,3423.0,-30,0.2899027466773987,37.86406482136938
/home/utkarsh/TreeInventorization/data/views/wchkhpBqQg5-IHYSdcQr-Q_view6_tree0_box0.jpg,wchkhpBqQg5-IHYSdcQr-Q,30.71506447763494,76.79673366172702,30.715374199746385,76.79602386365546,5645.0,3241.0,0,0.10907629877328873,76.24871341553789
/home/utkarsh/TreeInventorization/data/views/zGV56AyINY-EGGXj0so1bQ_view11_tree0_box0.jpg,zGV56AyINY-EGGXj0so1bQ,30.71501690134387,76.79694157590215,30.715025622351515,76.79677036124271,11429.0,3629.0,150,0.4898236393928528,16.763553733231056
/home/utkarsh/TreeInventorization/data/views/1Z4kTCZiSeP-7v0j5nnJEg_view7_tree0_box0.jpg,1Z4kTCZiSeP-7v0j5nnJEg,30.71515705750078,76.79680707430771,30.715041222602476,76.7967155085656,9272.0,3631.0,30,0.5156902074813843,15.7645624570615
/home/utkarsh/TreeInventorization/data/views/_-ACN8foIs1xPtpFedOVhA_view0_tree0_box0.jpg,_-ACN8foIs1xPtpFedOVhA,30.71508368373684,76.79688330363233,30.715150886602327,76.79688345565921,1305.0,3883.0,-180,0.29453203082084656,7.703340497108754
/home/utkarsh/TreeInventorization/data/views/_-ACN8foIs1xPtpFedOVhA_view10_tree0_box1.jpg,_-ACN8foIs1xPtpFedOVhA,30.71508368373684,76.79688330363233,30.71503828784808,76.79673927496138,10568.0,3640.0,120,0.3532713055610657,14.940732070531048
/home/utkarsh/TreeInventorization/data/views/_-ACN8foIs1xPtpFedOVhA_view10_tree0_box2.jpg,_-ACN8foIs1xPtpFedOVhA,30.71508368373684,76.79688330363233,30.715105086003106,76.79667888697301,11559.0,3567.0,120,0.25762632489204407,19.94864611697418
/home/utkarsh/TreeInventorization/data/views/-SZGokybJomC5Xk2o0vJ0g_view0_tree0_box0.jpg,-SZGokybJomC5Xk2o0vJ0g,30.7153181138896,76.79647997427477,30.71523425554413,76.7965218568467,446.0,3718.0,-180,0.2851100564002991,10.29236937906194
/home/utkarsh/TreeInventorization/data/views/-SZGokybJomC5Xk2o0vJ0g_view4_tree0_box0.jpg,-SZGokybJomC5Xk2o0vJ0g,30.7153181138896,76.79647997427477,30.715354666159836,76.79637570970333,5447.0,3683.0,-60,0.5197487473487854,10.9534204242373
/home/utkarsh/TreeInventorization/data/views/-SZGokybJomC5Xk2o0vJ0g_view8_tree0_box1.jpg,-SZGokybJomC5Xk2o0vJ0g,30.7153181138896,76.79647997427477,30.715445322515727,76.79653533117175,8719.0,3625.0,60,0.14793799817562103,15.205684855898976
/home/utkarsh/TreeInventorization/data/views/-SZGokybJomC5Xk2o0vJ0g_view10_tree0_box0.jpg,-SZGokybJomC5Xk2o0vJ0g,30.7153181138896,76.79647997427477,30.715383641200052,76.79661070607077,10173.0,3642.0,120,0.2070438414812088,14.614393226289318
/home/utkarsh/TreeInventorization/data/views/V8J8TpwPIGxzG-wnocvWhA_view1_tree0_box0.jpg,V8J8TpwPIGxzG-wnocvWhA,30.71528719598659,76.79651095902945,30.71519924363349,76.79654114326503,698.0,3707.0,-150,0.5457127690315247,10.330331479791075
/home/utkarsh/TreeInventorization/data/views/V8J8TpwPIGxzG-wnocvWhA_view7_tree0_box0.jpg,V8J8TpwPIGxzG-wnocvWhA,30.71528719598659,76.79651095902945,30.715432153144466,76.79654170358334,8340.0,3587.0,30,0.18980859220027924,16.45503158075087
/home/utkarsh/TreeInventorization/data/views/uV7d79TMJHMgjGoJ6zyVHA_view4_tree0_box0.jpg,uV7d79TMJHMgjGoJ6zyVHA,30.71502658712459,76.79677221654097,30.715065225426017,76.79633473072194,4875.0,3334.0,-60,0.26427945494651794,42.12923061677398
/home/utkarsh/TreeInventorization/data/views/qsMkVppGJujX-0P_5a-wKw_view0_tree0_box0.jpg,qsMkVppGJujX-0P_5a-wKw,30.71535713298941,76.79644150739534,30.715286294448052,76.79645776799894,896.0,3808.0,-180,0.23429174721240997,8.212784412708846
/home/utkarsh/TreeInventorization/data/views/qsMkVppGJujX-0P_5a-wKw_view4_tree0_box0.jpg,qsMkVppGJujX-0P_5a-wKw,30.71535713298941,76.79644150739534,30.71535571174554,76.79638815312387,4567.0,4070.0,-60,0.3561192452907562,5.4713079038215415
/home/utkarsh/TreeInventorization/data/views/qsMkVppGJujX-0P_5a-wKw_view6_tree0_box0.jpg,qsMkVppGJujX-0P_5a-wKw,30.71535713298941,76.79644150739534,30.715759055341763,76.79636177618775,7599.0,3452.0,0,0.11550796777009964,45.29375726939851
/home/utkarsh/TreeInventorization/data/views/qsMkVppGJujX-0P_5a-wKw_view8_tree0_box1.jpg,qsMkVppGJujX-0P_5a-wKw,30.71535713298941,76.79644150739534,30.71544073263583,76.79651607826528,9348.0,3666.0,60,0.10641223937273026,11.836577964433571
/home/utkarsh/TreeInventorization/data/views/AQWH9rS7k1smIINo4RI63A_view0_tree0_box2.jpg,AQWH9rS7k1smIINo4RI63A,30.71522885350037,76.79673225333175,30.7152631615029,76.79652480604551,11730.0,3565.0,-180,0.1692117303609848,20.441299800483474
/home/utkarsh/TreeInventorization/data/views/AQWH9rS7k1smIINo4RI63A_view2_tree0_box1.jpg,AQWH9rS7k1smIINo4RI63A,30.71522885350037,76.79673225333175,30.715398749967907,76.79669541074095,949.0,3530.0,-120,0.5091992616653442,19.255083679644894
/home/utkarsh/TreeInventorization/data/views/AQWH9rS7k1smIINo4RI63A_view7_tree0_box0.jpg,AQWH9rS7k1smIINo4RI63A,30.71522885350037,76.79673225333175,30.715061859657187,76.79671146810875,8239.0,3567.0,30,0.5283632874488831,18.75785071495983
/home/utkarsh/TreeInventorization/data/views/AQWH9rS7k1smIINo4RI63A_view8_tree0_box0.jpg,AQWH9rS7k1smIINo4RI63A,30.71522885350037,76.79673225333175,30.715124825471243,76.79663878054959,9411.0,3659.0,60,0.26974430680274963,14.84017747987076
/home/utkarsh/TreeInventorization/data/views/mveNbBjaUvB4O5kMPyX4kQ_view2_tree0_box1.jpg,mveNbBjaUvB4O5kMPyX4kQ,30.71498817976063,76.796810771343,30.71491190416638,76.79670514545573,3192.0,3569.0,-120,0.12382718175649643,13.291460429339887
/home/utkarsh/TreeInventorization/data/views/mveNbBjaUvB4O5kMPyX4kQ_view10_tree0_box0.jpg,mveNbBjaUvB4O5kMPyX4kQ,30.71498817976063,76.796810771343,30.71505506669842,76.7969368582098,10152.0,3641.0,120,0.24390700459480286,14.302846605242175
/home/utkarsh/TreeInventorization/data/views/mveNbBjaUvB4O5kMPyX4kQ_view11_tree0_box0.jpg,mveNbBjaUvB4O5kMPyX4kQ,30.71498817976063,76.796810771343,30.714868582816216,76.79687181410888,460.0,3566.0,150,0.1016150414943695,14.575429939516393
/home/utkarsh/TreeInventorization/data/views/NCI97EbKSlN8qmJBcs8aFQ_view0_tree0_box0.jpg,NCI97EbKSlN8qmJBcs8aFQ,30.71530910875454,76.79664924600823,30.71536694945176,76.7962699897371,11678.0,3465.0,-180,0.3765658140182495,37.067833782111514
/home/utkarsh/TreeInventorization/data/views/NCI97EbKSlN8qmJBcs8aFQ_view1_tree0_box0.jpg,NCI97EbKSlN8qmJBcs8aFQ,30.71530910875454,76.79664924600823,30.715468065181106,76.79655647652332,329.0,3530.0,-150,0.11071020364761353,19.853322167289186
/home/utkarsh/TreeInventorization/data/views/NCI97EbKSlN8qmJBcs8aFQ_view10_tree0_box0.jpg,NCI97EbKSlN8qmJBcs8aFQ,30.71530910875454,76.79664924600823,30.715277751454813,76.79647809397527,10868.0,3616.0,120,0.10919418931007385,17.00395401972049
/home/utkarsh/TreeInventorization/data/views/kr1rmcUeK8C24t2YYKsIGw_view0_tree0_box2.jpg,kr1rmcUeK8C24t2YYKsIGw,30.71524875257576,76.79654916181295,30.715200652451653,76.79654462542128,1493.0,4050.0,-180,0.14459887146949768,5.679795513391767
/home/utkarsh/TreeInventorization/data/views/kr1rmcUeK8C24t2YYKsIGw_view5_tree0_box0.jpg,kr1rmcUeK8C24t2YYKsIGw,30.71524875257576,76.79654916181295,30.715273203724205,76.79647436337028,5400.0,3828.0,-30,0.33777597546577454,7.908717126928461
/home/utkarsh/TreeInventorization/data/views/kr1rmcUeK8C24t2YYKsIGw_view9_tree0_box0.jpg,kr1rmcUeK8C24t2YYKsIGw,30.71524875257576,76.79654916181295,30.71537727410383,76.79662390470392,8947.0,3623.0,90,0.2298477292060852,16.08690237627307
/home/utkarsh/TreeInventorization/data/views/ysvcQBqw-R4jK-feL-UQBQ_view4_tree0_box0.jpg,ysvcQBqw-R4jK-feL-UQBQ,30.71509549089895,76.79670276505243,30.71505058820591,76.79656624240782,3877.0,3607.0,-60,0.31964564323425293,14.111627955567725
/home/utkarsh/TreeInventorization/data/views/ysvcQBqw-R4jK-feL-UQBQ_view10_tree0_box0.jpg,ysvcQBqw-R4jK-feL-UQBQ,30.71509549089895,76.79670276505243,30.715127830925123,76.79673359613196,9447.0,4165.0,120,0.12420643121004105,5.026335077920005
/home/utkarsh/TreeInventorization/data/views/sNw5HFL0p7jQbWTyp5l3zg_view2_tree0_box2.jpg,sNw5HFL0p7jQbWTyp5l3zg,30.71514948865576,76.79664915798347,30.71479995163522,76.79645986134133,2241.0,3247.0,-120,0.19973622262477875,42.815912227157746
/home/utkarsh/TreeInventorization/data/views/sNw5HFL0p7jQbWTyp5l3zg_view3_tree0_box0.jpg,sNw5HFL0p7jQbWTyp5l3zg,30.71514948865576,76.79664915798347,30.715069078374487,76.79656980619475,2807.0,3640.0,-90,0.3550662398338318,11.8423987149811
/home/utkarsh/TreeInventorization/data/views/sNw5HFL0p7jQbWTyp5l3zg_view6_tree0_box2.jpg,sNw5HFL0p7jQbWTyp5l3zg,30.71514948865576,76.79664915798347,30.715197422134114,76.79654022096705,5639.0,3661.0,0,0.15633060038089752,11.844676969995428
/home/utkarsh/TreeInventorization/data/views/sNw5HFL0p7jQbWTyp5l3zg_view6_tree0_box3.jpg,sNw5HFL0p7jQbWTyp5l3zg,30.71514948865576,76.79664915798347,30.715335194869976,76.79659338270754,7432.0,3484.0,0,0.14611496031284332,21.32172974291311
/home/utkarsh/TreeInventorization/data/views/sNw5HFL0p7jQbWTyp5l3zg_view7_tree0_box1.jpg,sNw5HFL0p7jQbWTyp5l3zg,30.71514948865576,76.79664915798347,30.715453292643367,76.7966332538001,7874.0,3429.0,30,0.10174509882926941,33.749876846384986
/home/utkarsh/TreeInventorization/data/views/sNw5HFL0p7jQbWTyp5l3zg_view11_tree0_box0.jpg,sNw5HFL0p7jQbWTyp5l3zg,30.71514948865576,76.79664915798347,30.715164113463864,76.79669525214088,10556.0,4119.0,150,0.19470059871673584,5.059775737712338
/home/utkarsh/TreeInventorization/data/views/8BnB7lDLsQ-4ZOZZG4z4uQ_view1_tree0_box0.jpg,8BnB7lDLsQ-4ZOZZG4z4uQ,30.71521770314524,76.79657970642636,30.714863913820416,76.79640926757348,2145.0,3100.0,-150,0.14415580034255981,42.7025498020962
/home/utkarsh/TreeInventorization/data/views/8BnB7lDLsQ-4ZOZZG4z4uQ_view3_tree0_box0.jpg,8BnB7lDLsQ-4ZOZZG4z4uQ,30.71521770314524,76.79657970642636,30.715011835360578,76.7963581792594,2897.0,3152.0,-90,0.15752527117729187,31.251918241578323
/home/utkarsh/TreeInventorization/data/views/8BnB7lDLsQ-4ZOZZG4z4uQ_view3_tree0_box1.jpg,8BnB7lDLsQ-4ZOZZG4z4uQ,30.71521770314524,76.79657970642636,30.715091304637617,76.79637213837823,3338.0,3466.0,-90,0.14954374730587006,24.392791364432355
/home/utkarsh/TreeInventorization/data/views/8BnB7lDLsQ-4ZOZZG4z4uQ_view10_tree0_box0.jpg,8BnB7lDLsQ-4ZOZZG4z4uQ,30.71521770314524,76.79657970642636,30.71529061855465,76.79668282523254,9841.0,3630.0,120,0.1489122062921524,12.87909457680981
/home/utkarsh/TreeInventorization/data/views/zna8cqsk2pOO66UvJg_jAw_view4_tree0_box0.jpg,zna8cqsk2pOO66UvJg_jAw,30.7155782087985,76.79622126887772,30.715697894570106,76.79603344997672,5986.0,3526.0,-60,0.5750847458839417,22.499016078711087
/home/utkarsh/TreeInventorization/data/views/zna8cqsk2pOO66UvJg_jAw_view9_tree0_box1.jpg,zna8cqsk2pOO66UvJg_jAw,30.7155782087985,76.79622126887772,30.715712882709724,76.79628701564782,8810.0,3647.0,90,0.21740753948688507,16.361557942127423
/home/utkarsh/TreeInventorization/data/views/zna8cqsk2pOO66UvJg_jAw_view10_tree0_box0.jpg,zna8cqsk2pOO66UvJg_jAw,30.7155782087985,76.79622126887772,30.71563840869628,76.79636161043432,10320.0,3678.0,120,0.11112377792596817,15.159497270879962
/home/utkarsh/TreeInventorization/data/views/VNPgYIuMEKqXoAiSuDtwgg_view0_tree0_box6.jpg,VNPgYIuMEKqXoAiSuDtwgg,30.71574739379236,76.79622056467718,30.71582688530715,76.795966708074,12006.0,3528.0,-180,0.14355935156345367,26.074197397899628
/home/utkarsh/TreeInventorization/data/views/VNPgYIuMEKqXoAiSuDtwgg_view1_tree0_box0.jpg,VNPgYIuMEKqXoAiSuDtwgg,30.71574739379236,76.79622056467718,30.71589443522643,76.79613678332149,311.0,3578.0,-150,0.3475123643875122,18.324449809484847
/home/utkarsh/TreeInventorization/data/views/VNPgYIuMEKqXoAiSuDtwgg_view1_tree0_box1.jpg,VNPgYIuMEKqXoAiSuDtwgg,30.71574739379236,76.79622056467718,30.715820535424793,76.79621335315642,1090.0,3848.0,-150,0.29078325629234314,8.386309235127328
/home/utkarsh/TreeInventorization/data/views/VNPgYIuMEKqXoAiSuDtwgg_view1_tree0_box3.jpg,VNPgYIuMEKqXoAiSuDtwgg,30.71574739379236,76.79622056467718,30.715894192871133,76.79613622227718,304.0,3578.0,-150,0.10985751450061798,18.324449809484847
/home/utkarsh/TreeInventorization/data/views/VNPgYIuMEKqXoAiSuDtwgg_view9_tree0_box1.jpg,VNPgYIuMEKqXoAiSuDtwgg,30.71574739379236,76.79622056467718,30.715694915657195,76.79606814187323,10473.0,3641.0,90,0.1708567589521408,15.984973822472528
/home/utkarsh/TreeInventorization/data/views/VNPgYIuMEKqXoAiSuDtwgg_view11_tree0_box3.jpg,VNPgYIuMEKqXoAiSuDtwgg,30.71574739379236,76.79622056467718,30.715763419824395,76.79603706280332,11484.0,3609.0,150,0.10095969587564468,17.920192436134105
/home/utkarsh/TreeInventorization/data/views/b8LKrI3TKNj7e5CEhzY4UQ_view0_tree0_box2.jpg,b8LKrI3TKNj7e5CEhzY4UQ,30.71537468468124,76.79658261124511,30.715464093207014,76.79655428985672,725.0,3704.0,-180,0.1972091943025589,10.442803057239736
/home/utkarsh/TreeInventorization/data/views/b8LKrI3TKNj7e5CEhzY4UQ_view2_tree0_box1.jpg,b8LKrI3TKNj7e5CEhzY4UQ,30.71537468468124,76.79658261124511,30.71539203172295,76.79663197916597,3811.0,4039.0,-120,0.2202523648738861,5.343030119237381
/home/utkarsh/TreeInventorization/data/views/b8LKrI3TKNj7e5CEhzY4UQ_view4_tree0_box0.jpg,b8LKrI3TKNj7e5CEhzY4UQ,30.71537468468124,76.79658261124511,30.715442429967442,76.79686025760692,4050.0,3074.0,-60,0.12486317753791809,27.97768714724446
/home/utkarsh/TreeInventorization/data/views/b8LKrI3TKNj7e5CEhzY4UQ_view9_tree0_box0.jpg,b8LKrI3TKNj7e5CEhzY4UQ,30.71537468468124,76.79658261124511,30.71537841318778,76.79654369189801,11508.0,4359.0,90,0.1668698787689209,4.324288714248692
/home/utkarsh/TreeInventorization/data/views/b8LKrI3TKNj7e5CEhzY4UQ_view10_tree0_box0.jpg,b8LKrI3TKNj7e5CEhzY4UQ,30.71537468468124,76.79658261124511,30.715289088550154,76.79647702233797,9699.0,3670.0,120,0.26543527841567993,14.132996227240861
/home/utkarsh/TreeInventorization/data/views/b8LKrI3TKNj7e5CEhzY4UQ_view11_tree0_box0.jpg,b8LKrI3TKNj7e5CEhzY4UQ,30.71537468468124,76.79658261124511,30.71536079610004,76.79653850409159,10552.0,4215.0,150,0.14553917944431305,5.006104981993255
/home/utkarsh/TreeInventorization/data/views/5DqdMtHuIOIT4JNsM0dSvw_view6_tree0_box0.jpg,5DqdMtHuIOIT4JNsM0dSvw,30.71571050191766,76.79608738268224,30.715733771871975,76.79602030436584,5491.0,3988.0,0,0.10408083349466324,7.317298900466631
/home/utkarsh/TreeInventorization/data/views/5DqdMtHuIOIT4JNsM0dSvw_view10_tree0_box0.jpg,5DqdMtHuIOIT4JNsM0dSvw,30.71571050191766,76.79608738268224,30.715900350283647,76.79632946388695,9779.0,3484.0,120,0.2700746953487396,31.374542040196697
/home/utkarsh/TreeInventorization/data/views/5DqdMtHuIOIT4JNsM0dSvw_view10_tree0_box2.jpg,5DqdMtHuIOIT4JNsM0dSvw,30.71571050191766,76.79608738268224,30.715731099580033,76.79628792252596,11091.0,3593.0,120,0.14061686396598816,19.455538953501534
/home/utkarsh/TreeInventorization/data/views/w6KwHe7zmNPCMf0GFTwuCA_view2_tree0_box0.jpg,w6KwHe7zmNPCMf0GFTwuCA,30.71559017571863,76.7963700311485,30.71566083827322,76.79634999720632,747.0,3964.0,-120,0.1608520895242691,8.441642754565752
/home/utkarsh/TreeInventorization/data/views/w6KwHe7zmNPCMf0GFTwuCA_view6_tree0_box0.jpg,w6KwHe7zmNPCMf0GFTwuCA,30.71559017571863,76.7963700311485,30.715483884972635,76.79654799329111,5879.0,3579.0,0,0.6830356121063232,20.846453499914723
/home/utkarsh/TreeInventorization/data/views/w6KwHe7zmNPCMf0GFTwuCA_view8_tree0_box0.jpg,w6KwHe7zmNPCMf0GFTwuCA,30.71559017571863,76.7963700311485,30.715447102785625,76.79629115611063,8868.0,3626.0,60,0.5996366739273071,17.773576662537902
/home/utkarsh/TreeInventorization/data/views/w6KwHe7zmNPCMf0GFTwuCA_view10_tree0_box0.jpg,w6KwHe7zmNPCMf0GFTwuCA,30.71559017571863,76.7963700311485,30.71572326697964,76.79592412559438,11954.0,3443.0,120,0.16809555888175964,45.29375726939851
/home/utkarsh/TreeInventorization/data/views/w6KwHe7zmNPCMf0GFTwuCA_view11_tree0_box1.jpg,w6KwHe7zmNPCMf0GFTwuCA,30.71559017571863,76.7963700311485,30.715614930037727,76.79626747079357,11823.0,3844.0,150,0.13361258804798126,10.547472643123193
/home/utkarsh/TreeInventorization/data/views/-USQcw0faxOO7huNbwZWMQ_view1_tree0_box0.jpg,-USQcw0faxOO7huNbwZWMQ,30.71550904281859,76.79628984038435,30.715383164543884,76.79638317605347,105.0,3636.0,-150,0.31318944692611694,16.71457637368126
/home/utkarsh/TreeInventorization/data/views/-USQcw0faxOO7huNbwZWMQ_view1_tree0_box1.jpg,-USQcw0faxOO7huNbwZWMQ,30.71550904281859,76.79628984038435,30.71533228498403,76.79638908922726,354.0,3557.0,-150,0.15262986719608307,21.879737325139327
/home/utkarsh/TreeInventorization/data/views/-USQcw0faxOO7huNbwZWMQ_view1_tree0_box2.jpg,-USQcw0faxOO7huNbwZWMQ,30.71550904281859,76.79628984038435,30.71525364439885,76.79647465565742,125.0,3470.0,-150,0.14435823261737823,33.43930095270441
/home/utkarsh/TreeInventorization/data/views/-USQcw0faxOO7huNbwZWMQ_view8_tree0_box0.jpg,-USQcw0faxOO7huNbwZWMQ,30.71550904281859,76.79628984038435,30.715616061863834,76.7963660869968,9123.0,3700.0,60,0.4224590063095093,14.123957011752754
/home/utkarsh/TreeInventorization/data/views/-USQcw0faxOO7huNbwZWMQ_view11_tree0_box1.jpg,-USQcw0faxOO7huNbwZWMQ,30.71550904281859,76.79628984038435,30.71547720878887,76.79653703596094,11604.0,3543.0,150,0.11689262092113495,24.010380043325238
/home/utkarsh/TreeInventorization/data/views/hh0Mn57TSmvHg0wWHYcTgg_view1_tree0_box0.jpg,hh0Mn57TSmvHg0wWHYcTgg,30.7156637662693,76.79629591411033,30.715756209474975,76.79629168899008,1198.0,3829.0,-150,0.3368668556213379,10.547472643123193
/home/utkarsh/TreeInventorization/data/views/hh0Mn57TSmvHg0wWHYcTgg_view4_tree0_box0.jpg,hh0Mn57TSmvHg0wWHYcTgg,30.7156637662693,76.79629591411033,30.715649545025364,76.79636300602814,5140.0,4079.0,-60,0.17619934678077698,6.991548318043772
/home/utkarsh/TreeInventorization/data/views/hh0Mn57TSmvHg0wWHYcTgg_view10_tree0_box0.jpg,hh0Mn57TSmvHg0wWHYcTgg,30.7156637662693,76.79629591411033,30.715685097867198,76.79609664262328,11539.0,3591.0,120,0.19057847559452057,19.455538953501534
/home/utkarsh/TreeInventorization/data/views/EyO3-kRqYeddhhXnIXIGqw_view4_tree0_box0.jpg,EyO3-kRqYeddhhXnIXIGqw,30.71568846519052,76.79611009317128,30.71569182522104,76.796046006962,4803.0,4006.0,-60,0.19099590182304382,6.525214238530385
/home/utkarsh/TreeInventorization/data/views/EyO3-kRqYeddhhXnIXIGqw_view11_tree0_box2.jpg,EyO3-kRqYeddhhXnIXIGqw,30.71568846519052,76.79611009317128,30.71579417849483,76.79658743764799,10803.0,3625.0,150,0.10028419643640518,47.53853606242582
/home/utkarsh/TreeInventorization/data/views/tt24UhHvsrYwqbpueiwaDA_view7_tree0_box1.jpg,tt24UhHvsrYwqbpueiwaDA,30.71539554910064,76.79640304050405,30.715596674815526,76.79638831452152,7821.0,3544.0,30,0.10730814188718796,22.4632311411442
/home/utkarsh/TreeInventorization/data/views/tt24UhHvsrYwqbpueiwaDA_view8_tree0_box2.jpg,tt24UhHvsrYwqbpueiwaDA,30.71539554910064,76.79640304050405,30.71546543933406,76.79652818299053,10068.0,3690.0,60,0.10058369487524033,14.433889604681587
/home/utkarsh/TreeInventorization/data/views/tt24UhHvsrYwqbpueiwaDA_view11_tree0_box0.jpg,tt24UhHvsrYwqbpueiwaDA,30.71539554910064,76.79640304050405,30.71520672608532,76.79653321567001,170.0,3506.0,150,0.17823748290538788,24.42905469903343
/home/utkarsh/TreeInventorization/data/views/AQWW2dmvtWvLX3qS85Y18Q_view5_tree0_box1.jpg,AQWW2dmvtWvLX3qS85Y18Q,30.71564420129208,76.79615533808673,30.715692915604,76.79604368050725,5647.0,3702.0,-30,0.3346017599105835,12.213409041353911
/home/utkarsh/TreeInventorization/data/views/8tciyNB685IIRq4nPH9ddA_view0_tree0_box1.jpg,8tciyNB685IIRq4nPH9ddA,30.71544196210826,76.7963569154288,30.71528390316404,76.79645669068324,249.0,3526.0,-180,0.10272644460201263,20.024244866776417
/home/utkarsh/TreeInventorization/data/views/8tciyNB685IIRq4nPH9ddA_view9_tree0_box1.jpg,8tciyNB685IIRq4nPH9ddA,30.71544196210826,76.7963569154288,30.71546895219183,76.7965019506981,10835.0,3643.0,90,0.10997605323791504,14.316530885401503
/home/utkarsh/TreeInventorization/data/views/8tciyNB685IIRq4nPH9ddA_view11_tree0_box0.jpg,8tciyNB685IIRq4nPH9ddA,30.71544196210826,76.7963569154288,30.715316719665196,76.79643509123328,260.0,3566.0,150,0.3515543043613434,15.85312489703838
/home/utkarsh/TreeInventorization/data/views/6eDHbCPPbl91vAY1gh80FA_view6_tree0_box0.jpg,6eDHbCPPbl91vAY1gh80FA,30.71561475696468,76.79618473847047,30.715650412665653,76.79610877924705,5698.0,3893.0,0,0.1793956607580185,8.625429580650579
/home/utkarsh/TreeInventorization/data/views/6eDHbCPPbl91vAY1gh80FA_view9_tree0_box0.jpg,6eDHbCPPbl91vAY1gh80FA,30.71561475696468,76.79618473847047,30.715888240853683,76.79644888481694,9447.0,3690.0,90,0.2550030052661896,39.97736326733573
/home/utkarsh/TreeInventorization/data/views/fpyHI8Wb2ifylK2AEmD3Pw_view8_tree0_box0.jpg,fpyHI8Wb2ifylK2AEmD3Pw,30.71545024765737,76.79650840630848,30.71531013042011,76.7963205147362,9757.0,3552.0,60,0.38700252771377563,24.010380043325238
/home/utkarsh/TreeInventorization/data/views/zGQl9roJW9nTAG99h5AdrA_view0_tree0_box0.jpg,zGQl9roJW9nTAG99h5AdrA,30.71552287283579,76.79643578577611,30.71567071374431,76.79609049462832,12234.0,3474.0,-180,0.12735885381698608,37.067833782111514
/home/utkarsh/TreeInventorization/data/views/zGQl9roJW9nTAG99h5AdrA_view4_tree0_box1.jpg,zGQl9roJW9nTAG99h5AdrA,30.71552287283579,76.79643578577611,30.715656495309954,76.79658936529853,2932.0,3573.0,-60,0.23603010177612305,20.96302758142999
/home/utkarsh/TreeInventorization/data/views/zGQl9roJW9nTAG99h5AdrA_view5_tree0_box2.jpg,zGQl9roJW9nTAG99h5AdrA,30.71552287283579,76.79643578577611,30.715475427459232,76.79656276468774,5478.0,3702.0,-30,0.11131411045789719,13.410100118613327
/home/utkarsh/TreeInventorization/data/views/zGQl9roJW9nTAG99h5AdrA_view9_tree0_box0.jpg,zGQl9roJW9nTAG99h5AdrA,30.71552287283579,76.79643578577611,30.715457298751584,76.7963129921793,10093.0,3702.0,90,0.23184767365455627,14.123957011752754
/home/utkarsh/TreeInventorization/data/views/zGQl9roJW9nTAG99h5AdrA_view9_tree0_box1.jpg,zGQl9roJW9nTAG99h5AdrA,30.71552287283579,76.79643578577611,30.71537302541446,76.79637680131346,8637.0,3630.0,90,0.17368146777153015,17.773576662537902
/home/utkarsh/TreeInventorization/data/views/QUU3rINkVVtppMY3ADXhbw_view1_tree0_box0.jpg,QUU3rINkVVtppMY3ADXhbw,30.71553263460645,76.79626633770275,30.715358473658046,76.79637610489937,258.0,3553.0,-150,0.13002780079841614,22.078921415701064
/home/utkarsh/TreeInventorization/data/views/QUU3rINkVVtppMY3ADXhbw_view4_tree0_box0.jpg,QUU3rINkVVtppMY3ADXhbw,30.71553263460645,76.79626633770275,30.715705117226097,76.79601625521947,6062.0,3466.0,-60,0.10671935975551605,30.77212603467823
/home/utkarsh/TreeInventorization/data/views/QUU3rINkVVtppMY3ADXhbw_view9_tree0_box0.jpg,QUU3rINkVVtppMY3ADXhbw,30.71553263460645,76.79626633770275,30.715654344044747,76.79639258518912,9506.0,3685.0,90,0.6594970226287842,18.327811971481484
/home/utkarsh/TreeInventorization/data/views/rYWHGP_uW_MyE7g0hKtHlg_view0_tree0_box0.jpg,rYWHGP_uW_MyE7g0hKtHlg,30.71585603183399,76.79593149002757,30.715767449789205,76.79596508532575,772.0,3797.0,-180,0.5090674757957458,10.60233742581862
/home/utkarsh/TreeInventorization/data/views/rYWHGP_uW_MyE7g0hKtHlg_view4_tree0_box0.jpg,rYWHGP_uW_MyE7g0hKtHlg,30.71585603183399,76.79593149002757,30.715854705170756,76.79589705055791,4666.0,4621.0,-60,0.34883400797843933,4.04309985875015
/home/utkarsh/TreeInventorization/data/views/rYWHGP_uW_MyE7g0hKtHlg_view8_tree0_box0.jpg,rYWHGP_uW_MyE7g0hKtHlg,30.71585603183399,76.79593149002757,30.716032823787028,76.79596667589212,8456.0,3568.0,60,0.1777835488319397,20.00369931256705
/home/utkarsh/TreeInventorization/data/views/rYWHGP_uW_MyE7g0hKtHlg_view10_tree0_box0.jpg,rYWHGP_uW_MyE7g0hKtHlg,30.71585603183399,76.79593149002757,30.715834275127776,76.79606243568614,11829.0,3729.0,120,0.3762524127960205,12.997243446039118
/home/utkarsh/TreeInventorization/data/views/rYWHGP_uW_MyE7g0hKtHlg_view10_tree0_box1.jpg,rYWHGP_uW_MyE7g0hKtHlg,30.71585603183399,76.79593149002757,30.71596358577791,76.79603573069768,9573.0,3651.0,120,0.10755376517772675,15.719324036763686
/home/utkarsh/TreeInventorization/data/views/rYWHGP_uW_MyE7g0hKtHlg_view11_tree0_box1.jpg,rYWHGP_uW_MyE7g0hKtHlg,30.71585603183399,76.79593149002757,30.715697494341253,76.79604558935365,263.0,3566.0,150,0.16571193933486938,20.834686317176015
/home/utkarsh/TreeInventorization/data/views/fZR0ZKC4Zn21Pjgnrp2u-g_view1_tree0_box0.jpg,fZR0ZKC4Zn21Pjgnrp2u-g,30.71628294362564,76.79576283349729,30.71639194830743,76.79589648165943,774.0,3622.0,-150,0.2796493172645569,17.773576662537902
/home/utkarsh/TreeInventorization/data/views/fZR0ZKC4Zn21Pjgnrp2u-g_view4_tree0_box0.jpg,fZR0ZKC4Zn21Pjgnrp2u-g,30.71628294362564,76.79576283349729,30.716091825567844,76.79593674532833,4290.0,3519.0,-60,0.16345718502998352,27.094228093963185
/home/utkarsh/TreeInventorization/data/views/fZR0ZKC4Zn21Pjgnrp2u-g_view6_tree0_box0.jpg,fZR0ZKC4Zn21Pjgnrp2u-g,30.71628294362564,76.79576283349729,30.716263802409596,76.79573080318647,7733.0,4461.0,0,0.3003993332386017,4.334636548644463
/home/utkarsh/TreeInventorization/data/views/fZR0ZKC4Zn21Pjgnrp2u-g_view11_tree0_box0.jpg,fZR0ZKC4Zn21Pjgnrp2u-g,30.71628294362564,76.79576283349729,30.716668698649734,76.79535757410908,10796.0,3394.0,150,0.22945252060890198,57.770870563423244
/home/utkarsh/TreeInventorization/data/views/cq3PoXuWywWo95Lns3CzIA_view2_tree0_box0.jpg,cq3PoXuWywWo95Lns3CzIA,30.71614231489144,76.795900241053,30.716171429930192,76.79595769031924,2653.0,4010.0,-120,0.32737424969673157,6.684075077351906
/home/utkarsh/TreeInventorization/data/views/cq3PoXuWywWo95Lns3CzIA_view4_tree0_box0.jpg,cq3PoXuWywWo95Lns3CzIA,30.71614231489144,76.795900241053,30.71606659733459,76.79596100175499,5833.0,3768.0,-60,0.34653976559638977,10.422939444435244
/home/utkarsh/TreeInventorization/data/views/_uI9uftyh4HwgMN2FrNzLQ_view2_tree0_box1.jpg,_uI9uftyh4HwgMN2FrNzLQ,30.71622303615901,76.79584267249909,30.716429540956266,76.79591694486109,1072.0,3531.0,-120,0.1618621051311493,24.038871224266085
/home/utkarsh/TreeInventorization/data/views/yG3MXcKYkgoX41BGmsgFRw_view1_tree0_box2.jpg,yG3MXcKYkgoX41BGmsgFRw,30.71581883979297,76.79614820805251,30.71597497681252,76.7960471234973,213.0,3574.0,-150,0.11238862574100494,19.992113376078606
/home/utkarsh/TreeInventorization/data/views/yG3MXcKYkgoX41BGmsgFRw_view2_tree0_box1.jpg,yG3MXcKYkgoX41BGmsgFRw,30.71581883979297,76.79614820805251,30.71590977116957,76.79612939739246,910.0,3842.0,-120,0.141648069024086,10.547472643123193
/home/utkarsh/TreeInventorization/data/views/yG3MXcKYkgoX41BGmsgFRw_view4_tree0_box3.jpg,yG3MXcKYkgoX41BGmsgFRw,30.71581883979297,76.79614820805251,30.71580656976866,76.79622849636463,5008.0,3978.0,-60,0.13416698575019836,8.120847565917897
/home/utkarsh/TreeInventorization/data/views/yG3MXcKYkgoX41BGmsgFRw_view11_tree0_box2.jpg,yG3MXcKYkgoX41BGmsgFRw,30.71581883979297,76.79614820805251,30.715839993925478,76.7960244109291,11693.0,3765.0,150,0.16877157986164093,12.431339546017965
/home/utkarsh/TreeInventorization/data/views/prxghe1Tm-st_u7d71SCFg_view4_tree0_box0.jpg,prxghe1Tm-st_u7d71SCFg,30.71605137018439,76.79594302133734,30.715954299069576,76.79607385069053,5619.0,3622.0,-60,0.10986068844795227,16.691018162084937
/home/utkarsh/TreeInventorization/data/views/prxghe1Tm-st_u7d71SCFg_view9_tree0_box0.jpg,prxghe1Tm-st_u7d71SCFg,30.71605137018439,76.79594302133734,30.716064077852977,76.79588743373122,11308.0,4185.0,90,0.2954058349132538,5.990390938512038
/home/utkarsh/TreeInventorization/data/views/prxghe1Tm-st_u7d71SCFg_view11_tree0_box0.jpg,prxghe1Tm-st_u7d71SCFg,30.71605137018439,76.79594302133734,30.71605674800149,76.79589915012872,11056.0,4393.0,150,0.12652766704559326,4.845674549893395
/home/utkarsh/TreeInventorization/data/views/tdxhLbC17S-SZdCBj7Il5g_view1_tree0_box1.jpg,tdxhLbC17S-SZdCBj7Il5g,30.71592133451832,76.79585385171578,30.715858916296565,76.7958796406453,851.0,3959.0,-150,0.14418403804302216,7.654782746666581
/home/utkarsh/TreeInventorization/data/views/tdxhLbC17S-SZdCBj7Il5g_view4_tree0_box0.jpg,tdxhLbC17S-SZdCBj7Il5g,30.71592133451832,76.79585385171578,30.715888359997944,76.79568621872316,4422.0,3573.0,-60,0.2569394111633301,16.623113326039643
/home/utkarsh/TreeInventorization/data/views/clIwcxYqJeJBnOW6ZZ6wPA_view0_tree0_box0.jpg,clIwcxYqJeJBnOW6ZZ6wPA,30.71629205744968,76.7958211943162,30.7165539674253,76.7955877500639,12246.0,3474.0,-180,0.18336887657642365,36.742694346838164
/home/utkarsh/TreeInventorization/data/views/clIwcxYqJeJBnOW6ZZ6wPA_view2_tree0_box0.jpg,clIwcxYqJeJBnOW6ZZ6wPA,30.71629205744968,76.7958211943162,30.716412567289048,76.79591639975219,1593.0,3659.0,-120,0.5025553703308105,16.361557942127423
/home/utkarsh/TreeInventorization/data/views/kZYtm7SmSp5UDqbotIBxIA_view1_tree0_box1.jpg,kZYtm7SmSp5UDqbotIBxIA,30.71602628880234,76.79568369864792,30.7158786979203,76.79585889086367,383.0,3532.0,-150,0.3280549943447113,23.50422879643504
/home/utkarsh/TreeInventorization/data/views/mmlL-eMD1hlJAncGOTkB7w_view0_tree0_box0.jpg,mmlL-eMD1hlJAncGOTkB7w,30.71576825247847,76.7960267333327,30.71574555321568,76.79620460311776,11682.0,3682.0,-180,0.3339685797691345,17.41609527679358
/home/utkarsh/TreeInventorization/data/views/mmlL-eMD1hlJAncGOTkB7w_view2_tree0_box0.jpg,mmlL-eMD1hlJAncGOTkB7w,30.71576825247847,76.7960267333327,30.71568465776938,76.79605376839574,817.0,3804.0,-120,0.15884287655353546,9.870086353245766
/home/utkarsh/TreeInventorization/data/views/mmlL-eMD1hlJAncGOTkB7w_view6_tree0_box0.jpg,mmlL-eMD1hlJAncGOTkB7w,30.71576825247847,76.7960267333327,30.71608215774513,76.79596564360634,7685.0,3475.0,0,0.21493814885616302,35.37300721986293
/home/utkarsh/TreeInventorization/data/views/mmlL-eMD1hlJAncGOTkB7w_view9_tree0_box0.jpg,mmlL-eMD1hlJAncGOTkB7w,30.71576825247847,76.7960267333327,30.715872922327684,76.79648488763696,10821.0,3648.0,90,0.2242174744606018,45.79050464103285
/home/utkarsh/TreeInventorization/data/views/gGNbM6d9VGF1dtZrvl9llw_view1_tree0_box0.jpg,gGNbM6d9VGF1dtZrvl9llw,30.7159623436254,76.7960102726188,30.71604170319653,76.79597615683097,394.0,3802.0,-150,0.46919816732406616,9.621795260501148
/home/utkarsh/TreeInventorization/data/views/gGNbM6d9VGF1dtZrvl9llw_view4_tree0_box1.jpg,gGNbM6d9VGF1dtZrvl9llw,30.7159623436254,76.7960102726188,30.715986873360404,76.79610260973242,3843.0,3881.0,-60,0.11657481640577316,9.586105775637844
/home/utkarsh/TreeInventorization/data/views/gGNbM6d9VGF1dtZrvl9llw_view5_tree0_box1.jpg,gGNbM6d9VGF1dtZrvl9llw,30.7159623436254,76.7960102726188,30.715881084684973,76.79615039855358,5726.0,3649.0,-30,0.12005383521318436,16.361557942127423
/home/utkarsh/TreeInventorization/data/views/gGNbM6d9VGF1dtZrvl9llw_view6_tree0_box1.jpg,gGNbM6d9VGF1dtZrvl9llw,30.7159623436254,76.7960102726188,30.7156601345853,76.7960516592645,7552.0,3480.0,0,0.18932941555976868,33.829629534897215
/home/utkarsh/TreeInventorization/data/views/gGNbM6d9VGF1dtZrvl9llw_view8_tree0_box0.jpg,gGNbM6d9VGF1dtZrvl9llw,30.7159623436254,76.7960102726188,30.715948109327055,76.7959649857794,10389.0,4250.0,60,0.29224878549575806,5.083701716474287
/home/utkarsh/TreeInventorization/data/views/gGNbM6d9VGF1dtZrvl9llw_view9_tree0_box2.jpg,gGNbM6d9VGF1dtZrvl9llw,30.7159623436254,76.7960102726188,30.715899237240183,76.79593148370044,9545.0,3749.0,90,0.10595154017210007,10.493817325754932
/home/utkarsh/TreeInventorization/data/views/4i4Se9YtvrqrQRFgKyoz_g_view1_tree0_box0.jpg,4i4Se9YtvrqrQRFgKyoz_g,30.71588745689078,76.79608016461896,30.71597338916969,76.79604743835984,596.0,3838.0,-150,0.5858290195465088,10.318888044551498
/home/utkarsh/TreeInventorization/data/views/4i4Se9YtvrqrQRFgKyoz_g_view1_tree0_box2.jpg,4i4Se9YtvrqrQRFgKyoz_g,30.71588745689078,76.79608016461896,30.716045197504954,76.79597605263851,175.0,3572.0,-150,0.2579556107521057,20.265038527299946
/home/utkarsh/TreeInventorization/data/views/4i4Se9YtvrqrQRFgKyoz_g_view4_tree0_box1.jpg,4i4Se9YtvrqrQRFgKyoz_g,30.71588745689078,76.79608016461896,30.715888100713624,76.7961520961031,4588.0,4062.0,-60,0.11892734467983246,7.295846514334285
/home/utkarsh/TreeInventorization/data/views/4i4Se9YtvrqrQRFgKyoz_g_view6_tree0_box0.jpg,4i4Se9YtvrqrQRFgKyoz_g,30.71588745689078,76.79608016461896,30.71579982698453,76.79623339533777,5847.0,3634.0,0,0.19010595977306366,17.773576662537902
/home/utkarsh/TreeInventorization/data/views/4i4Se9YtvrqrQRFgKyoz_g_view7_tree0_box0.jpg,4i4Se9YtvrqrQRFgKyoz_g,30.71588745689078,76.79608016461896,30.715432004847674,76.79564860988148,9386.0,3353.0,30,0.14195026457309723,65.28001749971814
/home/utkarsh/TreeInventorization/data/views/4i4Se9YtvrqrQRFgKyoz_g_view8_tree0_box0.jpg,4i4Se9YtvrqrQRFgKyoz_g,30.71588745689078,76.79608016461896,30.71577451453704,76.79571509569419,10533.0,2966.0,60,0.16994769871234894,37.60990841416371
/home/utkarsh/TreeInventorization/data/views/4i4Se9YtvrqrQRFgKyoz_g_view9_tree0_box1.jpg,4i4Se9YtvrqrQRFgKyoz_g,30.71588745689078,76.79608016461896,30.715917378480796,76.79579992968995,11519.0,3530.0,90,0.2685328722000122,27.200831075456644
/home/utkarsh/TreeInventorization/data/views/4i4Se9YtvrqrQRFgKyoz_g_view10_tree0_box1.jpg,4i4Se9YtvrqrQRFgKyoz_g,30.71588745689078,76.79608016461896,30.71544153421104,76.79563947685027,9430.0,3387.0,120,0.13785716891288757,65.06521392005844
/home/utkarsh/TreeInventorization/data/views/4i4Se9YtvrqrQRFgKyoz_g_view11_tree0_box4.jpg,4i4Se9YtvrqrQRFgKyoz_g,30.71588745689078,76.79608016461896,30.715854589498225,76.79590492583742,10806.0,3618.0,150,0.11180932074785233,17.371939231680013
